-- INSERTION EQUIPE
INSERT INTO EQUIPE VALUES ('ES001','Team1');
INSERT INTO EQUIPE VALUES ('ES002','Team2');
INSERT INTO EQUIPE VALUES ('ES003','Team3');
INSERT INTO EQUIPE VALUES ('ES005','Team4');
INSERT INTO EQUIPE VALUES ('ES006','Team5');
INSERT INTO EQUIPE VALUES ('ES007','Team6');
INSERT INTO EQUIPE VALUES ('ES008','Team8');
INSERT INTO EQUIPE VALUES ('ES009','Team9');
INSERT INTO EQUIPE VALUES ('ES010','Team10');
INSERT INTO EQUIPE VALUES ('ES011','Team11');
INSERT INTO EQUIPE VALUES ('ES012','Team12');
INSERT INTO EQUIPE VALUES ('ES013','Team13');
INSERT INTO EQUIPE VALUES ('ES014','Team14');
INSERT INTO EQUIPE VALUES ('ES015','Team15');
INSERT INTO EQUIPE VALUES ('ES016','Team16');
INSERT INTO EQUIPE VALUES ('ES017','Team17');
INSERT INTO EQUIPE VALUES ('ES018','Team18');
INSERT INTO EQUIPE VALUES ('ES019','Team19');
INSERT INTO EQUIPE VALUES ('ES020','Team20');
INSERT INTO EQUIPE VALUES ('ES021','Team21');
INSERT INTO EQUIPE VALUES ('ES022','Team22');
INSERT INTO EQUIPE VALUES ('ES023','Team23');
INSERT INTO EQUIPE VALUES ('ES024','Team24');
INSERT INTO EQUIPE VALUES ('ES025','Team25');
INSERT INTO EQUIPE VALUES ('ES026','Team26');
INSERT INTO EQUIPE VALUES ('ES027','Team27');
INSERT INTO EQUIPE VALUES ('ES028','Team28');
INSERT INTO EQUIPE VALUES ('ES029','Team29');
INSERT INTO EQUIPE VALUES ('ES030','Team30');
INSERT INTO EQUIPE VALUES ('ES031','Team31');
INSERT INTO EQUIPE VALUES ('ES032','Team32');

-- INSERTION DE JOUEURS
INSERT INTO JOUEUR VALUES('J001','Cantin','Aubrey','FR','19','ES001');
INSERT INTO JOUEUR VALUES('J002','Carter','Joshua','US','24','ES002');
INSERT INTO JOUEUR VALUES('J003','Gibbons','Nicholas','GB','22','ES003');
INSERT INTO JOUEUR VALUES('J004','Grave','Timothy','AUS','28','ES004');
INSERT INTO JOUEUR VALUES('J005','Mendoza','Tiago','ES','31','ES005');
INSERT INTO JOUEUR VALUES('J006','Hegediš','Rrahman','SI','35','ES006');
INSERT INTO JOUEUR VALUES('J007','Siddiq','Rrahman','TN','23','ES007');
INSERT INTO JOUEUR VALUES('J008','Sousa','Joao','BR','35','ES008');
INSERT INTO JOUEUR VALUES('J009','Yü','Lee','CN','28','ES009');
INSERT INTO JOUEUR VALUES('J010','Petrović','Rajko ','HR','20','ES010');
INSERT INTO JOUEUR VALUES('J011','David S.','Dahl','SI','21','ES011');
INSERT INTO JOUEUR VALUES('J012','Paloranta','Esa-Pekka','FI','22','ES012');
INSERT INTO JOUEUR VALUES('J013','Knudsen','Isak','GL','30','ES013');
INSERT INTO JOUEUR VALUES('J014','Paredes','Jacinto','UY','24','ES014');
INSERT INTO JOUEUR VALUES('J015','Keled','Szatmáry','HU','20','ES015');
INSERT INTO JOUEUR VALUES('J016','Valgeirsson','Örlygur','IE','23','ES016');
INSERT INTO JOUEUR VALUES('J017','Barese','Angelico','IT','22','ES017');
INSERT INTO JOUEUR VALUES('J018','Mitani','Naoki','JP','19','ES018');
INSERT INTO JOUEUR VALUES('J019','Simonsen','Ruben','NO','26','ES019');
INSERT INTO JOUEUR VALUES('J020','van Haagen','Nuri','NL','24','ES020');
INSERT INTO JOUEUR VALUES('J021','Symanski','Marik','PL','28','ES021');
INSERT INTO JOUEUR VALUES('J022','Matveyev','David','RU','25','ES022');
INSERT INTO JOUEUR VALUES('J023','Štimnikar','Tjaš','SI','25','ES023');
INSERT INTO JOUEUR VALUES('J024','Olofsson','Mille','SE','33','ES024');
INSERT INTO JOUEUR VALUES('J025','Novák','Jaroslav','CZ','27','ES025');
INSERT INTO JOUEUR VALUES('J026','Thi Kế','Trịnh','VN','23','ES026');
INSERT INTO JOUEUR VALUES('J027','McGregor','Gavin','GB','25','ES027');
INSERT INTO JOUEUR VALUES('J028','Jones','Alphonse','US','33','ES028');
INSERT INTO JOUEUR VALUES('J029','Maldonado','Laszlo','VE','19','ES029');
INSERT INTO JOUEUR VALUES('J030','Bonilla','Prudencio','CO','26','ES030');
INSERT INTO JOUEUR VALUES('J031','Sexton','Aedan','IE','18','ES031');
INSERT INTO JOUEUR VALUES('J032','Carron','Chrisitian ','CH','26','ES032');

-- INSERTION DE SETS
INSERT INTO BALLE_SET VALUES('SET001');
INSERT INTO BALLE_SET VALUES('SET002');
INSERT INTO BALLE_SET VALUES('SET003');
INSERT INTO BALLE_SET VALUES('SET004');
INSERT INTO BALLE_SET VALUES('SET005');
INSERT INTO BALLE_SET VALUES('SET006');
INSERT INTO BALLE_SET VALUES('SET007');
INSERT INTO BALLE_SET VALUES('SET008');
INSERT INTO BALLE_SET VALUES('SET009');
INSERT INTO BALLE_SET VALUES('SET010');
INSERT INTO BALLE_SET VALUES('SET011');
INSERT INTO BALLE_SET VALUES('SET012');
INSERT INTO BALLE_SET VALUES('SET013');
INSERT INTO BALLE_SET VALUES('SET014');
INSERT INTO BALLE_SET VALUES('SET015');
INSERT INTO BALLE_SET VALUES('SET016');
INSERT INTO BALLE_SET VALUES('SET017');
INSERT INTO BALLE_SET VALUES('SET018');
INSERT INTO BALLE_SET VALUES('SET019');
INSERT INTO BALLE_SET VALUES('SET020');
INSERT INTO BALLE_SET VALUES('SET021');
INSERT INTO BALLE_SET VALUES('SET022');
INSERT INTO BALLE_SET VALUES('SET023');
INSERT INTO BALLE_SET VALUES('SET024');
INSERT INTO BALLE_SET VALUES('SET025');
INSERT INTO BALLE_SET VALUES('SET026');
INSERT INTO BALLE_SET VALUES('SET027');
INSERT INTO BALLE_SET VALUES('SET028');
INSERT INTO BALLE_SET VALUES('SET029');
INSERT INTO BALLE_SET VALUES('SET030');
INSERT INTO BALLE_SET VALUES('SET031');
INSERT INTO BALLE_SET VALUES('SET032');
INSERT INTO BALLE_SET VALUES('SET033');
INSERT INTO BALLE_SET VALUES('SET034');
INSERT INTO BALLE_SET VALUES('SET035');
INSERT INTO BALLE_SET VALUES('SET036');
INSERT INTO BALLE_SET VALUES('SET037');
INSERT INTO BALLE_SET VALUES('SET038');
INSERT INTO BALLE_SET VALUES('SET039');
INSERT INTO BALLE_SET VALUES('SET040');
INSERT INTO BALLE_SET VALUES('SET041');
INSERT INTO BALLE_SET VALUES('SET042');
INSERT INTO BALLE_SET VALUES('SET043');
INSERT INTO BALLE_SET VALUES('SET044');
INSERT INTO BALLE_SET VALUES('SET045');
INSERT INTO BALLE_SET VALUES('SET046');
INSERT INTO BALLE_SET VALUES('SET047');
INSERT INTO BALLE_SET VALUES('SET048');
INSERT INTO BALLE_SET VALUES('SET049');
INSERT INTO BALLE_SET VALUES('SET050');
INSERT INTO BALLE_SET VALUES('SET051');
INSERT INTO BALLE_SET VALUES('SET052');
INSERT INTO BALLE_SET VALUES('SET053');
INSERT INTO BALLE_SET VALUES('SET054');
INSERT INTO BALLE_SET VALUES('SET055');
INSERT INTO BALLE_SET VALUES('SET056');
INSERT INTO BALLE_SET VALUES('SET057');
INSERT INTO BALLE_SET VALUES('SET058');
INSERT INTO BALLE_SET VALUES('SET059');
INSERT INTO BALLE_SET VALUES('SET060');
INSERT INTO BALLE_SET VALUES('SET061');
INSERT INTO BALLE_SET VALUES('SET062');
INSERT INTO BALLE_SET VALUES('SET063');
INSERT INTO BALLE_SET VALUES('SET064');
INSERT INTO BALLE_SET VALUES('SET065');
INSERT INTO BALLE_SET VALUES('SET066');
INSERT INTO BALLE_SET VALUES('SET067');
INSERT INTO BALLE_SET VALUES('SET068');
INSERT INTO BALLE_SET VALUES('SET069');
INSERT INTO BALLE_SET VALUES('SET070');
INSERT INTO BALLE_SET VALUES('SET071');
INSERT INTO BALLE_SET VALUES('SET072');
INSERT INTO BALLE_SET VALUES('SET073');
INSERT INTO BALLE_SET VALUES('SET074');
INSERT INTO BALLE_SET VALUES('SET075');
INSERT INTO BALLE_SET VALUES('SET076');
INSERT INTO BALLE_SET VALUES('SET077');
INSERT INTO BALLE_SET VALUES('SET078');
INSERT INTO BALLE_SET VALUES('SET079');
INSERT INTO BALLE_SET VALUES('SET080');
INSERT INTO BALLE_SET VALUES('SET081');
INSERT INTO BALLE_SET VALUES('SET082');
INSERT INTO BALLE_SET VALUES('SET083');
INSERT INTO BALLE_SET VALUES('SET084');
INSERT INTO BALLE_SET VALUES('SET085');
INSERT INTO BALLE_SET VALUES('SET086');
INSERT INTO BALLE_SET VALUES('SET087');
INSERT INTO BALLE_SET VALUES('SET088');
INSERT INTO BALLE_SET VALUES('SET089');
INSERT INTO BALLE_SET VALUES('SET090');
INSERT INTO BALLE_SET VALUES('SET091');
INSERT INTO BALLE_SET VALUES('SET092');
INSERT INTO BALLE_SET VALUES('SET093');
INSERT INTO BALLE_SET VALUES('SET094');
INSERT INTO BALLE_SET VALUES('SET095');
INSERT INTO BALLE_SET VALUES('SET096');
INSERT INTO BALLE_SET VALUES('SET097');
INSERT INTO BALLE_SET VALUES('SET098');
INSERT INTO BALLE_SET VALUES('SET099');
INSERT INTO BALLE_SET VALUES('SET100');
INSERT INTO BALLE_SET VALUES('SET101');
INSERT INTO BALLE_SET VALUES('SET102');
INSERT INTO BALLE_SET VALUES('SET103');
INSERT INTO BALLE_SET VALUES('SET104');
INSERT INTO BALLE_SET VALUES('SET105');
INSERT INTO BALLE_SET VALUES('SET106');
INSERT INTO BALLE_SET VALUES('SET107');
INSERT INTO BALLE_SET VALUES('SET108');
INSERT INTO BALLE_SET VALUES('SET109');
INSERT INTO BALLE_SET VALUES('SET110');
INSERT INTO BALLE_SET VALUES('SET111');
INSERT INTO BALLE_SET VALUES('SET112');
INSERT INTO BALLE_SET VALUES('SET113');
INSERT INTO BALLE_SET VALUES('SET114');
INSERT INTO BALLE_SET VALUES('SET115');
INSERT INTO BALLE_SET VALUES('SET116');
INSERT INTO BALLE_SET VALUES('SET117');
INSERT INTO BALLE_SET VALUES('SET118');
INSERT INTO BALLE_SET VALUES('SET119');
INSERT INTO BALLE_SET VALUES('SET120');
INSERT INTO BALLE_SET VALUES('SET121');
INSERT INTO BALLE_SET VALUES('SET122');
INSERT INTO BALLE_SET VALUES('SET123');
INSERT INTO BALLE_SET VALUES('SET124');
INSERT INTO BALLE_SET VALUES('SET125');
INSERT INTO BALLE_SET VALUES('SET126');
INSERT INTO BALLE_SET VALUES('SET127');
INSERT INTO BALLE_SET VALUES('SET128');
INSERT INTO BALLE_SET VALUES('SET129');
INSERT INTO BALLE_SET VALUES('SET130');
INSERT INTO BALLE_SET VALUES('SET131');
INSERT INTO BALLE_SET VALUES('SET132');
INSERT INTO BALLE_SET VALUES('SET133');
INSERT INTO BALLE_SET VALUES('SET134');
INSERT INTO BALLE_SET VALUES('SET135');
INSERT INTO BALLE_SET VALUES('SET136');
INSERT INTO BALLE_SET VALUES('SET137');
INSERT INTO BALLE_SET VALUES('SET138');
INSERT INTO BALLE_SET VALUES('SET139');
INSERT INTO BALLE_SET VALUES('SET140');
INSERT INTO BALLE_SET VALUES('SET141');
INSERT INTO BALLE_SET VALUES('SET142');
INSERT INTO BALLE_SET VALUES('SET143');
INSERT INTO BALLE_SET VALUES('SET144');
INSERT INTO BALLE_SET VALUES('SET145');
INSERT INTO BALLE_SET VALUES('SET146');
INSERT INTO BALLE_SET VALUES('SET147');
INSERT INTO BALLE_SET VALUES('SET148');
INSERT INTO BALLE_SET VALUES('SET149');
INSERT INTO BALLE_SET VALUES('SET150');
INSERT INTO BALLE_SET VALUES('SET151');
INSERT INTO BALLE_SET VALUES('SET152');
INSERT INTO BALLE_SET VALUES('SET153');
INSERT INTO BALLE_SET VALUES('SET154');
INSERT INTO BALLE_SET VALUES('SET155');
INSERT INTO BALLE_SET VALUES('SET156');
INSERT INTO BALLE_SET VALUES('SET157');
INSERT INTO BALLE_SET VALUES('SET158');
INSERT INTO BALLE_SET VALUES('SET159');
INSERT INTO BALLE_SET VALUES('SET160');
INSERT INTO BALLE_SET VALUES('SET161');
INSERT INTO BALLE_SET VALUES('SET162');
INSERT INTO BALLE_SET VALUES('SET163');
INSERT INTO BALLE_SET VALUES('SET164');
INSERT INTO BALLE_SET VALUES('SET165');
INSERT INTO BALLE_SET VALUES('SET166');
INSERT INTO BALLE_SET VALUES('SET167');
INSERT INTO BALLE_SET VALUES('SET168');
INSERT INTO BALLE_SET VALUES('SET169');
INSERT INTO BALLE_SET VALUES('SET170');
INSERT INTO BALLE_SET VALUES('SET171');
INSERT INTO BALLE_SET VALUES('SET172');
INSERT INTO BALLE_SET VALUES('SET173');
INSERT INTO BALLE_SET VALUES('SET174');
INSERT INTO BALLE_SET VALUES('SET175');
INSERT INTO BALLE_SET VALUES('SET176');
INSERT INTO BALLE_SET VALUES('SET177');
INSERT INTO BALLE_SET VALUES('SET178');
INSERT INTO BALLE_SET VALUES('SET179');
INSERT INTO BALLE_SET VALUES('SET180');
INSERT INTO BALLE_SET VALUES('SET181');
INSERT INTO BALLE_SET VALUES('SET182');
INSERT INTO BALLE_SET VALUES('SET183');
INSERT INTO BALLE_SET VALUES('SET184');
INSERT INTO BALLE_SET VALUES('SET185');
INSERT INTO BALLE_SET VALUES('SET186');
INSERT INTO BALLE_SET VALUES('SET187');
INSERT INTO BALLE_SET VALUES('SET188');
INSERT INTO BALLE_SET VALUES('SET189');
INSERT INTO BALLE_SET VALUES('SET190');
INSERT INTO BALLE_SET VALUES('SET191');
INSERT INTO BALLE_SET VALUES('SET192');
INSERT INTO BALLE_SET VALUES('SET193');
INSERT INTO BALLE_SET VALUES('SET194');
INSERT INTO BALLE_SET VALUES('SET195');
INSERT INTO BALLE_SET VALUES('SET196');
INSERT INTO BALLE_SET VALUES('SET197');
INSERT INTO BALLE_SET VALUES('SET198');
INSERT INTO BALLE_SET VALUES('SET199');


-- INSERTION D'EQUIPES DE RAMASSEURS
INSERT INTO EQUIPE_RAMASSEUR VALUES ('ER001','TeamRam1');
INSERT INTO EQUIPE_RAMASSEUR VALUES ('ER002','TeamRam2');
INSERT INTO EQUIPE_RAMASSEUR VALUES ('ER003','TeamRam3');
INSERT INTO EQUIPE_RAMASSEUR VALUES ('ER004','TeamRam4');
INSERT INTO EQUIPE_RAMASSEUR VALUES ('ER005','TeamRam5');
INSERT INTO EQUIPE_RAMASSEUR VALUES ('ER006','TeamRam6');
INSERT INTO EQUIPE_RAMASSEUR VALUES ('ER007','TeamRam7');
INSERT INTO EQUIPE_RAMASSEUR VALUES ('ER008','TeamRam8');
INSERT INTO EQUIPE_RAMASSEUR VALUES ('ER009','TeamRam9');
INSERT INTO EQUIPE_RAMASSEUR VALUES ('ER010','TeamRam10');
INSERT INTO EQUIPE_RAMASSEUR VALUES ('ER011','TeamRam11');
INSERT INTO EQUIPE_RAMASSEUR VALUES ('ER012','TeamRam12');
INSERT INTO EQUIPE_RAMASSEUR VALUES ('ER013','TeamRam13');
INSERT INTO EQUIPE_RAMASSEUR VALUES ('ER014','TeamRam14');
INSERT INTO EQUIPE_RAMASSEUR VALUES ('ER015','TeamRam15');
INSERT INTO EQUIPE_RAMASSEUR VALUES ('ER016','TeamRam16');
INSERT INTO EQUIPE_RAMASSEUR VALUES ('ER017','TeamRam17');
INSERT INTO EQUIPE_RAMASSEUR VALUES ('ER018','TeamRam18');
INSERT INTO EQUIPE_RAMASSEUR VALUES ('ER019','TeamRam19');

-- INSERTION DE RAMASSEURS
INSERT INTO RAMASSEUR VALUES ('R001','Baril','Thibault','06.02.00.00.01','ER001');
INSERT INTO RAMASSEUR VALUES ('R002','Bousquet','Seymour','06.02.00.00.02','ER001');
INSERT INTO RAMASSEUR VALUES ('R003','Legget ','Gervais','06.02.00.00.03','ER001');
INSERT INTO RAMASSEUR VALUES ('R004','Bouvier','Daniel','06.02.00.00.04','ER001');
INSERT INTO RAMASSEUR VALUES ('R005','Faubert','Tearlach ','06.02.00.00.05','ER001');
INSERT INTO RAMASSEUR VALUES ('R006','Joseph ','Lazure','06.02.00.00.06','ER001');

-- INSERTION D'ARBITRES
INSERT INTO ARBITRE VALUES ('A001','Arbitre de chaise','ITT1','Dupont','Jean','FR','06.01.00.00.01');

-- INSERTION DE TOURNOIS
INSERT INTO TOURNOI VALUES ('TQ1','Eliminatoire','Simple');

-- INSERTION DE COURTS
INSERT INTO COURT VALUES ('CO01','Officiel 1','officiel',null);
INSERT INTO COURT VALUES ('CE01','Entrainement 1','Entraînement',null);
INSERT INTO COURT VALUES ('CE02','Entrainement 2','Entraînement',null);
INSERT INTO COURT VALUES ('CE03','Entrainement 3','Entraînement',null);
INSERT INTO COURT VALUES ('CE04','Entrainement 4','Entraînement',null);
INSERT INTO COURT VALUES ('CE05','Entrainement 5','Entraînement',null);
INSERT INTO COURT VALUES ('CE06','Entrainement 6','Entraînement',null);
INSERT INTO COURT VALUES ('CE07','Entrainement 7','Entraînement',null);
INSERT INTO COURT VALUES ('CE08','Entrainement 8','Entraînement',null);
INSERT INTO COURT VALUES ('CE09','Entrainement 9','Entraînement',null);
INSERT INTO COURT VALUES ('CE10','Entrainement 10','Entraînement',null);
INSERT INTO COURT VALUES ('CE11','Entrainement 11','Entraînement',null);
INSERT INTO COURT VALUES ('CE12','Entrainement 12','Entraînement',null);
INSERT INTO COURT VALUES ('CE13','Entrainement 13','Entraînement',null);
INSERT INTO COURT VALUES ('CE14','Entrainement 14','Entraînement',null);
INSERT INTO COURT VALUES ('CE15','Entrainement 15','Entraînement',null);
INSERT INTO COURT VALUES ('CE16','Entrainement 16','Entraînement',null);
INSERT INTO COURT VALUES ('CE17','Entrainement 17','Entraînement',null);
INSERT INTO COURT VALUES ('CE18','Entrainement 18','Entraînement',null);
INSERT INTO COURT VALUES ('CE19','Entrainement 19','Entraînement',null);
INSERT INTO COURT VALUES ('CE20','Entrainement 20','Entraînement',null);
INSERT INTO COURT VALUES ('CE21','Entrainement 21','Entraînement',null);
INSERT INTO COURT VALUES ('CE22','Entrainement 22','Entraînement',null);
INSERT INTO COURT VALUES ('CE23','Entrainement 23','Entraînement',null);
INSERT INTO COURT VALUES ('CE24','Entrainement 24','Entraînement',null);
INSERT INTO COURT VALUES ('CE25','Entrainement 25','Entraînement',null);
INSERT INTO COURT VALUES ('CE26','Entrainement 26','Entraînement',null);

-- INSERTION DE RENCONTRES
INSERT INTO RENCONTRE VALUES ('SQ001','Tournoi',null,'1/8','CO01','TQ1','A001','ER001');
INSERT INTO RENCONTRE VALUES ('SQ002','Tournoi',null,'1/8','CE01','TQ1','A001','ER001');
INSERT INTO RENCONTRE VALUES ('SQ003','Tournoi',null,'1/8','CE01','TQ1','A001','ER001');
INSERT INTO RENCONTRE VALUES ('SQ004','Tournoi',null,'1/8','CE01','TQ1','A001','ER001');
INSERT INTO RENCONTRE VALUES ('SQ005','Tournoi',null,'1/8','CE01','TQ1','A001','ER001');
INSERT INTO RENCONTRE VALUES ('SQ006','Tournoi',null,'1/8','CE01','TQ1','A001','ER001');
INSERT INTO RENCONTRE VALUES ('SQ007','Tournoi',null,'1/8','CE01','TQ1','A001','ER001');
INSERT INTO RENCONTRE VALUES ('SQ008','Tournoi',null,'1/8','CE01','TQ1','A001','ER001');
INSERT INTO RENCONTRE VALUES ('SQ009','Tournoi',null,'1/8','CE01','TQ1','A001','ER001');
INSERT INTO RENCONTRE VALUES ('SQ010','Tournoi',null,'1/8','CE01','TQ1','A001','ER001');
INSERT INTO RENCONTRE VALUES ('SQ011','Tournoi',null,'1/8','CE01','TQ1','A001','ER001');
INSERT INTO RENCONTRE VALUES ('SQ012','Tournoi',null,'1/8','CE01','TQ1','A001','ER001');
INSERT INTO RENCONTRE VALUES ('SQ013','Tournoi',null,'1/8','CE01','TQ1','A001','ER001');

INSERT INTO RENCONTRE VALUES ('SQ014','Tournoi',null,'1/8','C001','TQ1','A001','ER001');
INSERT INTO RENCONTRE VALUES ('SQ015','Tournoi',null,'1/8','CE01','TQ1','A001','ER001');
INSERT INTO RENCONTRE VALUES ('SQ016','Tournoi',null,'1/8','CE01','TQ1','A001','ER001');
INSERT INTO RENCONTRE VALUES ('SQ017','Tournoi',null,'1/4','CE01','TQ1','A001','ER001');
INSERT INTO RENCONTRE VALUES ('SQ018','Tournoi',null,'1/4','CE01','TQ1','A001','ER001');
INSERT INTO RENCONTRE VALUES ('SQ019','Tournoi',null,'1/4','CE01','TQ1','A001','ER001');
INSERT INTO RENCONTRE VALUES ('SQ020','Tournoi',null,'1/4','CE01','TQ1','A001','ER001');
INSERT INTO RENCONTRE VALUES ('SQ021','Tournoi',null,'1/4','CE01','TQ1','A001','ER001');


-- INSERTION DE MARQUE
INSERT INTO MARQUE VALUES ('SQ001','SET001','J001','6');
INSERT INTO MARQUE VALUES ('SQ001','SET002','J002','4');
INSERT INTO MARQUE VALUES ('SQ001','SET003','J001','3');
INSERT INTO MARQUE VALUES ('SQ001','SET004','J002','6');
INSERT INTO MARQUE VALUES ('SQ001','SET005','J001','7');
INSERT INTO MARQUE VALUES ('SQ001','SET006','J002','5');

INSERT INTO MARQUE VALUES ('SQ002','SET007','J003','2');
INSERT INTO MARQUE VALUES ('SQ002','SET008','J004','6');
INSERT INTO MARQUE VALUES ('SQ002','SET009','J003','6');
INSERT INTO MARQUE VALUES ('SQ002','SET010','J004','2');
INSERT INTO MARQUE VALUES ('SQ002','SET011','J004','5');
INSERT INTO MARQUE VALUES ('SQ002','SET012','J003','6');

INSERT INTO MARQUE VALUES ('SQ003','SET015','J005','6');
INSERT INTO MARQUE VALUES ('SQ003','SET016','J006','2');
INSERT INTO MARQUE VALUES ('SQ003','SET017','J005','6');
INSERT INTO MARQUE VALUES ('SQ003','SET018','J006','2');

INSERT INTO MARQUE VALUES ('SQ004','SET019','J007','6');
INSERT INTO MARQUE VALUES ('SQ004','SET020','J008','2');
INSERT INTO MARQUE VALUES ('SQ004','SET021','J007','6');
INSERT INTO MARQUE VALUES ('SQ004','SET022','J008','2');

INSERT INTO MARQUE VALUES ('SQ005','SET023','J009','6');
INSERT INTO MARQUE VALUES ('SQ005','SET024','J010','2');
INSERT INTO MARQUE VALUES ('SQ005','SET025','J009','6');
INSERT INTO MARQUE VALUES ('SQ005','SET026','J010','2');

INSERT INTO MARQUE VALUES ('SQ006','SET027','J011','6');
INSERT INTO MARQUE VALUES ('SQ006','SET028','J012','2');
INSERT INTO MARQUE VALUES ('SQ006','SET029','J011','6');
INSERT INTO MARQUE VALUES ('SQ006','SET030','J012','2');

INSERT INTO MARQUE VALUES ('SQ007','SET031','J014','6');
INSERT INTO MARQUE VALUES ('SQ007','SET032','J013','2');
INSERT INTO MARQUE VALUES ('SQ007','SET033','J014','6');
INSERT INTO MARQUE VALUES ('SQ007','SET034','J013','2');

INSERT INTO MARQUE VALUES ('SQ008','SET035','J016','6');
INSERT INTO MARQUE VALUES ('SQ008','SET036','J015','2');
INSERT INTO MARQUE VALUES ('SQ008','SET037','J016','6');
INSERT INTO MARQUE VALUES ('SQ008','SET038','J015','2');

INSERT INTO MARQUE VALUES ('SQ009','SET039','J018','6');
INSERT INTO MARQUE VALUES ('SQ009','SET040','J017','2');
INSERT INTO MARQUE VALUES ('SQ009','SET041','J018','6');
INSERT INTO MARQUE VALUES ('SQ009','SET042','J017','2');

INSERT INTO MARQUE VALUES ('SQ010','SET043','J020','6');
INSERT INTO MARQUE VALUES ('SQ010','SET044','J019','2');
INSERT INTO MARQUE VALUES ('SQ010','SET045','J020','6');
INSERT INTO MARQUE VALUES ('SQ010','SET046','J019','2');

INSERT INTO MARQUE VALUES ('SQ011','SET047','J022','6');
INSERT INTO MARQUE VALUES ('SQ011','SET048','J021','2');
INSERT INTO MARQUE VALUES ('SQ011','SET049','J022','6');
INSERT INTO MARQUE VALUES ('SQ011','SET050','J021','2');

INSERT INTO MARQUE VALUES ('SQ012','SET051','J024','6');
INSERT INTO MARQUE VALUES ('SQ012','SET052','J023','2');
INSERT INTO MARQUE VALUES ('SQ012','SET053','J024','6');
INSERT INTO MARQUE VALUES ('SQ012','SET054','J023','2');

INSERT INTO MARQUE VALUES ('SQ013','SET055','J026','6');
INSERT INTO MARQUE VALUES ('SQ013','SET056','J025','2');
INSERT INTO MARQUE VALUES ('SQ013','SET057','J026','6');
INSERT INTO MARQUE VALUES ('SQ013','SET058','J025','2');

INSERT INTO MARQUE VALUES ('SQ014','SET059','J028','6');
INSERT INTO MARQUE VALUES ('SQ014','SET060','J027','2');
INSERT INTO MARQUE VALUES ('SQ014','SET061','J028','6');
INSERT INTO MARQUE VALUES ('SQ014','SET062','J027','2');

INSERT INTO MARQUE VALUES ('SQ015','SET063','J030','6');
INSERT INTO MARQUE VALUES ('SQ015','SET064','J029','2');
INSERT INTO MARQUE VALUES ('SQ015','SET065','J030','6');
INSERT INTO MARQUE VALUES ('SQ015','SET066','J029','2');

INSERT INTO MARQUE VALUES ('SQ016','SET067','J032','6');
INSERT INTO MARQUE VALUES ('SQ016','SET068','J031','2');
INSERT INTO MARQUE VALUES ('SQ016','SET069','J032','6');
INSERT INTO MARQUE VALUES ('SQ016','SET070','J031','2');

INSERT INTO MARQUE VALUES ('SQ017','SET071','J001','6');
INSERT INTO MARQUE VALUES ('SQ017','SET072','J003','2');
INSERT INTO MARQUE VALUES ('SQ017','SET071','J001','6');
INSERT INTO MARQUE VALUES ('SQ017','SET072','J003','2');

INSERT INTO MARQUE VALUES ('SQ018','SET073','J005','6');
INSERT INTO MARQUE VALUES ('SQ018','SET074','J007','2');
INSERT INTO MARQUE VALUES ('SQ018','SET073','J005','6');
INSERT INTO MARQUE VALUES ('SQ018','SET074','J007','2');

INSERT INTO MARQUE VALUES ('SQ019','SET075','J009','6');
INSERT INTO MARQUE VALUES ('SQ019','SET076','J011','2');
INSERT INTO MARQUE VALUES ('SQ019','SET075','J009','6');
INSERT INTO MARQUE VALUES ('SQ019','SET076','J011','2');

INSERT INTO MARQUE VALUES ('SQ020','SET077','J014','6');
INSERT INTO MARQUE VALUES ('SQ020','SET078','J016','2');
INSERT INTO MARQUE VALUES ('SQ020','SET077','J014','6');
INSERT INTO MARQUE VALUES ('SQ020','SET078','J016','2');

INSERT INTO MARQUE VALUES ('SQ021','SET079','J018','6');
INSERT INTO MARQUE VALUES ('SQ021','SET080','J020','2');
INSERT INTO MARQUE VALUES ('SQ021','SET079','J018','6');
INSERT INTO MARQUE VALUES ('SQ021','SET080','J020','2');
