-- INSERTION D'ARBITRES
--  Arbitres Simple Qualification
INSERT INTO ARBITRE(type_arbitre,categorie_arbitre,nom_arbitre,prenom_arbitre,nationalite_arbitre,telephone_arbitre) VALUES('Arbitre de chaise','ITT1','Dupont','Jean','FR','06.01.00.00.01');
INSERT INTO ARBITRE (type_arbitre, categorie_arbitre, nom_arbitre, prenom_arbitre, nationalite_arbitre, telephone_arbitre) VALUES ('Arbitre de ligne','JAT2','Gagnon','Quincy','FR','06.01.00.00.02');
INSERT INTO ARBITRE (type_arbitre, categorie_arbitre, nom_arbitre, prenom_arbitre, nationalite_arbitre, telephone_arbitre) VALUES ('Arbitre de ligne','JAT2','Routhier','Vernon','FR','06.01.00.00.03');
INSERT INTO ARBITRE (type_arbitre, categorie_arbitre, nom_arbitre, prenom_arbitre, nationalite_arbitre, telephone_arbitre) VALUES ('Arbitre de ligne','JAT2','Lebel','Pomeroy','FR','06.01.00.00.04');
INSERT INTO ARBITRE (type_arbitre, categorie_arbitre, nom_arbitre, prenom_arbitre, nationalite_arbitre, telephone_arbitre) VALUES ('Arbitre de ligne','JAT2','De La Ronde','Archard','FR','06.01.00.00.05');
INSERT INTO ARBITRE (type_arbitre, categorie_arbitre, nom_arbitre, prenom_arbitre, nationalite_arbitre, telephone_arbitre) VALUES ('Arbitre de ligne','JAT2','Goddu','Florismart','FR','06.01.00.00.06');
INSERT INTO ARBITRE (type_arbitre, categorie_arbitre, nom_arbitre, prenom_arbitre, nationalite_arbitre, telephone_arbitre) VALUES ('Arbitre de ligne','JAT2','Francoeur','Thibaut','FR','06.01.00.00.07');
INSERT INTO ARBITRE (type_arbitre, categorie_arbitre, nom_arbitre, prenom_arbitre, nationalite_arbitre, telephone_arbitre) VALUES ('Arbitre de ligne','JAT2','Pelchat','Octave','FR','06.01.00.00.08');
INSERT INTO ARBITRE (type_arbitre, categorie_arbitre, nom_arbitre, prenom_arbitre, nationalite_arbitre, telephone_arbitre) VALUES ('Arbitre de ligne','JAT2','Houde','Artus','FR','06.01.00.00.09');
INSERT INTO ARBITRE (type_arbitre, categorie_arbitre, nom_arbitre, prenom_arbitre, nationalite_arbitre, telephone_arbitre) VALUES ('Arbitre de fillet','JAT2','Bonnet','Gilbert','FR','06.01.00.00.10');
INSERT INTO ARBITRE (type_arbitre, categorie_arbitre, nom_arbitre, prenom_arbitre, nationalite_arbitre, telephone_arbitre) VALUES ('Arbitre de chaise','ITT1','Robertson','Isaac','UK','06.01.00.00.11');
INSERT INTO ARBITRE (type_arbitre, categorie_arbitre, nom_arbitre, prenom_arbitre, nationalite_arbitre, telephone_arbitre) VALUES ('Arbitre de ligne','JAT2','Perry','Charlie','UK','06.01.00.00.12');
INSERT INTO ARBITRE (type_arbitre, categorie_arbitre, nom_arbitre, prenom_arbitre, nationalite_arbitre, telephone_arbitre) VALUES ('Arbitre de ligne','JAT2','Matthews','Louis','UK','06.01.00.00.13');
INSERT INTO ARBITRE (type_arbitre, categorie_arbitre, nom_arbitre, prenom_arbitre, nationalite_arbitre, telephone_arbitre) VALUES ('Arbitre de ligne','JAT2','Morton','Louie','UK','06.01.00.00.14');
INSERT INTO ARBITRE (type_arbitre, categorie_arbitre, nom_arbitre, prenom_arbitre, nationalite_arbitre, telephone_arbitre) VALUES ('Arbitre de ligne','JAT2','Barnett','Rhys','UK','06.01.00.00.15');
INSERT INTO ARBITRE (type_arbitre, categorie_arbitre, nom_arbitre, prenom_arbitre, nationalite_arbitre, telephone_arbitre) VALUES ('Arbitre de ligne','JAT2','Faulkner','Luke','UK','06.01.00.00.16');
INSERT INTO ARBITRE (type_arbitre, categorie_arbitre, nom_arbitre, prenom_arbitre, nationalite_arbitre, telephone_arbitre) VALUES ('Arbitre de ligne','JAT2','Reynolds','Ellis','UK','06.01.00.00.17');
INSERT INTO ARBITRE (type_arbitre, categorie_arbitre, nom_arbitre, prenom_arbitre, nationalite_arbitre, telephone_arbitre) VALUES ('Arbitre de ligne','JAT2','Jordan','Liam','UK','06.01.00.00.18');
INSERT INTO ARBITRE (type_arbitre, categorie_arbitre, nom_arbitre, prenom_arbitre, nationalite_arbitre, telephone_arbitre) VALUES ('Arbitre de ligne','JAT2','McLean','Nathan','UK','06.01.00.00.19');
INSERT INTO ARBITRE (type_arbitre, categorie_arbitre, nom_arbitre, prenom_arbitre, nationalite_arbitre, telephone_arbitre) VALUES ('Arbitre de fillet','JAT2','Freeman','Riley','UK','06.01.00.00.20');
INSERT INTO ARBITRE (type_arbitre, categorie_arbitre, nom_arbitre, prenom_arbitre, nationalite_arbitre, telephone_arbitre) VALUES ('Arbitre de chaise','ITT1','Palermo','Bradley','US','06.01.00.00.21');
INSERT INTO ARBITRE (type_arbitre, categorie_arbitre, nom_arbitre, prenom_arbitre, nationalite_arbitre, telephone_arbitre) VALUES ('Arbitre de ligne','JAT2','Greene','Matthew','US','06.01.00.00.22');
INSERT INTO ARBITRE (type_arbitre, categorie_arbitre, nom_arbitre, prenom_arbitre, nationalite_arbitre, telephone_arbitre) VALUES ('Arbitre de ligne','JAT2','Price','Michael','US','06.01.00.00.23');
INSERT INTO ARBITRE (type_arbitre, categorie_arbitre, nom_arbitre, prenom_arbitre, nationalite_arbitre, telephone_arbitre) VALUES ('Arbitre de ligne','JAT2','Kelly','Andrew','US','06.01.00.00.24');
INSERT INTO ARBITRE (type_arbitre, categorie_arbitre, nom_arbitre, prenom_arbitre, nationalite_arbitre, telephone_arbitre) VALUES ('Arbitre de ligne','JAT2','Durbin','George','US','06.01.00.00.25');
INSERT INTO ARBITRE (type_arbitre, categorie_arbitre, nom_arbitre, prenom_arbitre, nationalite_arbitre, telephone_arbitre) VALUES ('Arbitre de ligne','JAT2','Winburn','David','US','06.01.00.00.26');
INSERT INTO ARBITRE (type_arbitre, categorie_arbitre, nom_arbitre, prenom_arbitre, nationalite_arbitre, telephone_arbitre) VALUES ('Arbitre de ligne','JAT2','Fox','John','US','06.01.00.00.27');
INSERT INTO ARBITRE (type_arbitre, categorie_arbitre, nom_arbitre, prenom_arbitre, nationalite_arbitre, telephone_arbitre) VALUES ('Arbitre de ligne','JAT2','Fraser','Earl','US','06.01.00.00.28');
INSERT INTO ARBITRE (type_arbitre, categorie_arbitre, nom_arbitre, prenom_arbitre, nationalite_arbitre, telephone_arbitre) VALUES ('Arbitre de ligne','JAT2','Miller','Justin','US','06.01.00.00.29');
INSERT INTO ARBITRE (type_arbitre, categorie_arbitre, nom_arbitre, prenom_arbitre, nationalite_arbitre, telephone_arbitre) VALUES ('Arbitre de fillet','JAT2','Pepper','Ralph','US','06.01.00.00.30');
INSERT INTO ARBITRE (type_arbitre, categorie_arbitre, nom_arbitre, prenom_arbitre, nationalite_arbitre, telephone_arbitre) VALUES ('Arbitre de chaise','ITT1','Regalado','Cayo','ES','06.01.00.00.31');
INSERT INTO ARBITRE (type_arbitre, categorie_arbitre, nom_arbitre, prenom_arbitre, nationalite_arbitre, telephone_arbitre) VALUES ('Arbitre de ligne','JAT2','Prado','Sancho','ES','06.01.00.00.32');
INSERT INTO ARBITRE (type_arbitre, categorie_arbitre, nom_arbitre, prenom_arbitre, nationalite_arbitre, telephone_arbitre) VALUES ('Arbitre de ligne','JAT2','Manzanares','Agesislao','ES','06.01.00.00.33');
INSERT INTO ARBITRE (type_arbitre, categorie_arbitre, nom_arbitre, prenom_arbitre, nationalite_arbitre, telephone_arbitre) VALUES ('Arbitre de ligne','JAT2','Rendón','Duncan','ES','06.01.00.00.34');
INSERT INTO ARBITRE (type_arbitre, categorie_arbitre, nom_arbitre, prenom_arbitre, nationalite_arbitre, telephone_arbitre) VALUES ('Arbitre de ligne','JAT2','Pantoja','Vittorio','ES','06.01.00.00.35');
INSERT INTO ARBITRE (type_arbitre, categorie_arbitre, nom_arbitre, prenom_arbitre, nationalite_arbitre, telephone_arbitre) VALUES ('Arbitre de ligne','JAT2','Montez','Gualberto','ES','06.01.00.00.36');
INSERT INTO ARBITRE (type_arbitre, categorie_arbitre, nom_arbitre, prenom_arbitre, nationalite_arbitre, telephone_arbitre) VALUES ('Arbitre de ligne','JAT2','Viera','Cupido','ES','06.01.00.00.37');
INSERT INTO ARBITRE (type_arbitre, categorie_arbitre, nom_arbitre, prenom_arbitre, nationalite_arbitre, telephone_arbitre) VALUES ('Arbitre de ligne','JAT2','Monroy','Delfor','ES','06.01.00.00.38');
INSERT INTO ARBITRE (type_arbitre, categorie_arbitre, nom_arbitre, prenom_arbitre, nationalite_arbitre, telephone_arbitre) VALUES ('Arbitre de ligne','JAT2','Ochoa','Asdrúbal','ES','06.01.00.00.39');
INSERT INTO ARBITRE (type_arbitre, categorie_arbitre, nom_arbitre, prenom_arbitre, nationalite_arbitre, telephone_arbitre) VALUES ('Arbitre de fillet','JAT2','Raya','Urban','ES','06.01.00.00.40');
INSERT INTO ARBITRE (type_arbitre, categorie_arbitre, nom_arbitre, prenom_arbitre, nationalite_arbitre, telephone_arbitre) VALUES ('Arbitre de chaise','ITT1','Sakulac','Neim','SI','06.01.00.00.41');
INSERT INTO ARBITRE (type_arbitre, categorie_arbitre, nom_arbitre, prenom_arbitre, nationalite_arbitre, telephone_arbitre) VALUES ('Arbitre de chaise','ITT1','Kirsanov','Jordan','SI','06.01.00.00.42');
INSERT INTO ARBITRE (type_arbitre, categorie_arbitre, nom_arbitre, prenom_arbitre, nationalite_arbitre, telephone_arbitre) VALUES ('Arbitre de chaise','ITT1','Pur','Maximilian','SI','06.01.00.00.43');
INSERT INTO ARBITRE (type_arbitre, categorie_arbitre, nom_arbitre, prenom_arbitre, nationalite_arbitre, telephone_arbitre) VALUES ('Arbitre de chaise','ITT1','Sivonjić','Bahrudin','SI','06.01.00.00.44');
INSERT INTO ARBITRE (type_arbitre, categorie_arbitre, nom_arbitre, prenom_arbitre, nationalite_arbitre, telephone_arbitre) VALUES ('Arbitre de chaise','ITT1','Jurekić','Jože','SI','06.01.00.00.45');
INSERT INTO ARBITRE (type_arbitre, categorie_arbitre, nom_arbitre, prenom_arbitre, nationalite_arbitre, telephone_arbitre) VALUES ('Arbitre de chaise','ITT1','Pejaković','Tobija','SI','06.01.00.00.46');
-- Arbitres Double Qualification
INSERT INTO ARBITRE (type_arbitre, categorie_arbitre, nom_arbitre, prenom_arbitre, nationalite_arbitre, telephone_arbitre) VALUES ('Arbitre de chaise','ITT1','Ukyou','Yoshino','JP','06.01.00.00.47');
INSERT INTO ARBITRE (type_arbitre, categorie_arbitre, nom_arbitre, prenom_arbitre, nationalite_arbitre, telephone_arbitre) VALUES ('Arbitre de chaise','ITT1','Taketo','Yano','JP','06.01.00.00.48');
INSERT INTO ARBITRE (type_arbitre, categorie_arbitre, nom_arbitre, prenom_arbitre, nationalite_arbitre, telephone_arbitre) VALUES ('Arbitre de chaise','ITT1','Shun','Senda','JP','06.01.00.00.49');
INSERT INTO ARBITRE (type_arbitre, categorie_arbitre, nom_arbitre, prenom_arbitre, nationalite_arbitre, telephone_arbitre) VALUES ('Arbitre de chaise','ITT1','Kiyoteru','Nagata','JP','06.01.00.00.50');


-- INSERTION DE COURT
INSERT INTO COURT (libelle_court, type_court) VALUES ('Officiel 1','officiel');
INSERT INTO COURT (libelle_court, type_court) VALUES ('Entrainement 1','Entraînement');
INSERT INTO COURT (libelle_court, type_court) VALUES ('Entrainement 2','Entraînement');
INSERT INTO COURT (libelle_court, type_court) VALUES ('Entrainement 3','Entraînement');
INSERT INTO COURT (libelle_court, type_court) VALUES ('Entrainement 4','Entraînement');

-- INSERTION HORAIRE
-- Jour 1 Qualification
INSERT INTO HORAIRE(heure_debut,date_,heure_fin) VALUES ('11:30:00','2020-06-13','13:30:00');
INSERT INTO HORAIRE(heure_debut,date_,heure_fin) VALUES ('14:00:00','2020-06-13','16:00:00');
INSERT INTO HORAIRE(heure_debut,date_,heure_fin) VALUES ('16:00:00','2020-06-13','18:00:00');
-- Jour 2 Qualification
INSERT INTO HORAIRE(heure_debut,date_,heure_fin) VALUES ('11:30:00','2020-06-14','13:30:00');
INSERT INTO HORAIRE(heure_debut,date_,heure_fin) VALUES ('14:00:00','2020-06-14','16:00:00');
INSERT INTO HORAIRE(heure_debut,date_,heure_fin) VALUES ('16:00:00','2020-06-14','18:00:00');



-- INSERTION D'EQUIPES DE RAMASSEURS
INSERT INTO EQUIPE_RAMASSEUR (nom_equipe_ramasseur) VALUES ('TeamRam1');
INSERT INTO EQUIPE_RAMASSEUR (nom_equipe_ramasseur) VALUES ('TeamRam2');
INSERT INTO EQUIPE_RAMASSEUR (nom_equipe_ramasseur) VALUES ('TeamRam3');
INSERT INTO EQUIPE_RAMASSEUR (nom_equipe_ramasseur) VALUES ('TeamRam4');
INSERT INTO EQUIPE_RAMASSEUR (nom_equipe_ramasseur) VALUES ('TeamRam5');
INSERT INTO EQUIPE_RAMASSEUR (nom_equipe_ramasseur) VALUES ('TeamRam6');
INSERT INTO EQUIPE_RAMASSEUR (nom_equipe_ramasseur) VALUES ('TeamRam7');
INSERT INTO EQUIPE_RAMASSEUR (nom_equipe_ramasseur) VALUES ('TeamRam8');
INSERT INTO EQUIPE_RAMASSEUR (nom_equipe_ramasseur) VALUES ('TeamRam9');
INSERT INTO EQUIPE_RAMASSEUR (nom_equipe_ramasseur) VALUES ('TeamRam10');
INSERT INTO EQUIPE_RAMASSEUR (nom_equipe_ramasseur) VALUES ('TeamRam11');
INSERT INTO EQUIPE_RAMASSEUR (nom_equipe_ramasseur) VALUES ('TeamRam12');
INSERT INTO EQUIPE_RAMASSEUR (nom_equipe_ramasseur) VALUES ('TeamRam13');
INSERT INTO EQUIPE_RAMASSEUR (nom_equipe_ramasseur) VALUES ('TeamRam14');
INSERT INTO EQUIPE_RAMASSEUR (nom_equipe_ramasseur) VALUES ('TeamRam15');
INSERT INTO EQUIPE_RAMASSEUR (nom_equipe_ramasseur) VALUES ('TeamRam16');

-- INSERTION DE TOURNOIS
INSERT INTO TOURNOI (type_tournoi,categorie_tournoi,id_arbitre1,id_arbitre2,id_arbitre3,id_arbitre4,id_arbitre5,id_arbitre6,id_arbitre7,id_arbitre8,id_arbitre9,id_arbitre10,id_arbitre11,id_arbitre12,id_arbitre13,id_arbitre14,id_arbitre15,id_arbitre16,id_arbitre17,id_arbitre18,id_arbitre19,id_arbitre20,id_arbitre21,id_arbitre22,id_arbitre23,id_arbitre24,id_arbitre25,id_arbitre26,id_arbitre27,id_arbitre28,id_arbitre29,id_arbitre30,id_arbitre31,id_arbitre32,id_arbitre33,id_arbitre34,id_arbitre35,id_arbitre36,id_arbitre37,id_arbitre38,id_arbitre39,id_arbitre40,id_arbitre41,id_arbitre42,id_arbitre43,id_arbitre44,id_arbitre45,id_arbitre46)
VALUES ('Eliminatoire','Simple',1,2,3,4,5,6,7,8,9,10,11,12,13,14,15,16,17,18,19,20,21,22,23,24,25,26,27,28,29,30,31,32,33,34,35,36,37,38,39,40,41,42,43,44,45,46);
INSERT INTO TOURNOI (type_tournoi,categorie_tournoi,id_arbitre1,id_arbitre2,id_arbitre3,id_arbitre4,id_arbitre5,id_arbitre6,id_arbitre7,id_arbitre8,id_arbitre9,id_arbitre10,id_arbitre11,id_arbitre12,id_arbitre13,id_arbitre14,id_arbitre15,id_arbitre16,id_arbitre17,id_arbitre18,id_arbitre19,id_arbitre20,id_arbitre21,id_arbitre22,id_arbitre23,id_arbitre24,id_arbitre25,id_arbitre26,id_arbitre27,id_arbitre28,id_arbitre29,id_arbitre30,id_arbitre31,id_arbitre32,id_arbitre33,id_arbitre34,id_arbitre35,id_arbitre36,id_arbitre37,id_arbitre38,id_arbitre39,id_arbitre40,id_arbitre41,id_arbitre42,id_arbitre43,id_arbitre44,id_arbitre45,id_arbitre46)
VALUES ('Eliminatoire','Double',1,2,3,4,5,6,7,8,9,10,11,12,13,14,15,16,17,18,19,20,21,22,23,24,25,26,27,28,29,30,31,32,33,34,35,36,37,38,39,40,41,42,43,44,45,46);
INSERT INTO TOURNOI(type_tournoi,categorie_tournoi,id_arbitre1,id_arbitre2,id_arbitre3,id_arbitre4,id_arbitre5,id_arbitre6,id_arbitre7,id_arbitre8,id_arbitre9,id_arbitre10,id_arbitre11,id_arbitre12,id_arbitre13,id_arbitre14,id_arbitre15,id_arbitre16,id_arbitre17,id_arbitre18,id_arbitre19,id_arbitre20,id_arbitre21,id_arbitre22,id_arbitre23,id_arbitre24,id_arbitre25,id_arbitre26,id_arbitre27,id_arbitre28,id_arbitre29,id_arbitre30,id_arbitre31,id_arbitre32,id_arbitre33,id_arbitre34,id_arbitre35,id_arbitre36,id_arbitre37,id_arbitre38,id_arbitre39,id_arbitre40,id_arbitre41,id_arbitre42,id_arbitre43,id_arbitre44,id_arbitre45,id_arbitre46)
VALUES ('Officiel','Simple',1,2,3,4,5,6,7,8,9,10,11,12,13,14,15,16,17,18,19,20,21,22,23,24,25,26,27,28,29,30,31,32,33,34,35,36,37,38,39,40,41,42,43,44,45,46);
INSERT INTO TOURNOI(type_tournoi,categorie_tournoi,id_arbitre1,id_arbitre2,id_arbitre3,id_arbitre4,id_arbitre5,id_arbitre6,id_arbitre7,id_arbitre8,id_arbitre9,id_arbitre10,id_arbitre11,id_arbitre12,id_arbitre13,id_arbitre14,id_arbitre15,id_arbitre16,id_arbitre17,id_arbitre18,id_arbitre19,id_arbitre20,id_arbitre21,id_arbitre22,id_arbitre23,id_arbitre24,id_arbitre25,id_arbitre26,id_arbitre27,id_arbitre28,id_arbitre29,id_arbitre30,id_arbitre31,id_arbitre32,id_arbitre33,id_arbitre34,id_arbitre35,id_arbitre36,id_arbitre37,id_arbitre38,id_arbitre39,id_arbitre40,id_arbitre41,id_arbitre42,id_arbitre43,id_arbitre44,id_arbitre45,id_arbitre46)
VALUES ('Officiel','Double',1,2,3,4,5,6,7,8,9,10,11,12,13,14,15,16,17,18,19,20,21,22,23,24,25,26,27,28,29,30,31,32,33,34,35,36,37,38,39,40,41,42,43,44,45,46);

-- INSERTION DE RAMASSEURS
INSERT INTO RAMASSEUR (nom_ramasseur,prenom_ramasseur,telephone_ramasseur,id_equipe_ramasseur) VALUES ('Baril','Thibault','06.02.00.00.01',1);
INSERT INTO RAMASSEUR (nom_ramasseur,prenom_ramasseur,telephone_ramasseur,id_equipe_ramasseur) VALUES ('Bousquet','Seymour','06.02.00.00.02',1);
INSERT INTO RAMASSEUR (nom_ramasseur,prenom_ramasseur,telephone_ramasseur,id_equipe_ramasseur) VALUES ('Legget ','Gervais','06.02.00.00.03',1);
INSERT INTO RAMASSEUR (nom_ramasseur,prenom_ramasseur,telephone_ramasseur,id_equipe_ramasseur) VALUES ('Bouvier','Daniel','06.02.00.00.04',1);
INSERT INTO RAMASSEUR (nom_ramasseur,prenom_ramasseur,telephone_ramasseur,id_equipe_ramasseur) VALUES ('Faubert','Tearlach ','06.02.00.00.05',1);
INSERT INTO RAMASSEUR (nom_ramasseur,prenom_ramasseur,telephone_ramasseur,id_equipe_ramasseur) VALUES ('Joseph ','Lazure','06.02.00.00.06',1);
INSERT INTO RAMASSEUR (nom_ramasseur,prenom_ramasseur,telephone_ramasseur,id_equipe_ramasseur) VALUES ('Moquin','Adrien','06.02.00.00.07',2);
INSERT INTO RAMASSEUR (nom_ramasseur,prenom_ramasseur,telephone_ramasseur,id_equipe_ramasseur) VALUES ('Édouard','Marcel','06.02.00.00.08',2);
INSERT INTO RAMASSEUR (nom_ramasseur,prenom_ramasseur,telephone_ramasseur,id_equipe_ramasseur) VALUES ('Gareau','Aloin','06.02.00.00.09',2);
INSERT INTO RAMASSEUR (nom_ramasseur,prenom_ramasseur,telephone_ramasseur,id_equipe_ramasseur) VALUES ('Ouellet','Neville','06.02.00.00.10',2);
INSERT INTO RAMASSEUR (nom_ramasseur,prenom_ramasseur,telephone_ramasseur,id_equipe_ramasseur) VALUES ('Gervais','Bartlett','06.02.00.00.11',2);
INSERT INTO RAMASSEUR (nom_ramasseur,prenom_ramasseur,telephone_ramasseur,id_equipe_ramasseur) VALUES ('Sabourin','Medoro','06.02.00.00.12',2);
INSERT INTO RAMASSEUR (nom_ramasseur,prenom_ramasseur,telephone_ramasseur,id_equipe_ramasseur) VALUES ('Cressac','Charles','06.02.00.00.13',3);
INSERT INTO RAMASSEUR (nom_ramasseur,prenom_ramasseur,telephone_ramasseur,id_equipe_ramasseur) VALUES ('Flamand','Thomas','06.02.00.00.14',3);
INSERT INTO RAMASSEUR (nom_ramasseur,prenom_ramasseur,telephone_ramasseur,id_equipe_ramasseur) VALUES ('Desnoyers','Roland','06.02.00.00.15',3);
INSERT INTO RAMASSEUR (nom_ramasseur,prenom_ramasseur,telephone_ramasseur,id_equipe_ramasseur) VALUES ('Crête','Théodore','06.02.00.00.16',3);
INSERT INTO RAMASSEUR (nom_ramasseur,prenom_ramasseur,telephone_ramasseur,id_equipe_ramasseur) VALUES ('Massé','Leroy','06.02.00.00.17',3);
INSERT INTO RAMASSEUR (nom_ramasseur,prenom_ramasseur,telephone_ramasseur,id_equipe_ramasseur) VALUES ('Laforge','Algernon','06.02.00.00.18',3);
INSERT INTO RAMASSEUR (nom_ramasseur,prenom_ramasseur,telephone_ramasseur,id_equipe_ramasseur) VALUES ('Dufour','Stéphane','06.02.00.00.19',4);
INSERT INTO RAMASSEUR (nom_ramasseur,prenom_ramasseur,telephone_ramasseur,id_equipe_ramasseur) VALUES ('Bonenfant','Soren','06.02.00.00.20',4);
INSERT INTO RAMASSEUR (nom_ramasseur,prenom_ramasseur,telephone_ramasseur,id_equipe_ramasseur) VALUES ('Huard','Forrest','06.02.00.00.21',4);
INSERT INTO RAMASSEUR (nom_ramasseur,prenom_ramasseur,telephone_ramasseur,id_equipe_ramasseur) VALUES ('Guay','Geoffrey','06.02.00.00.22',4);
INSERT INTO RAMASSEUR (nom_ramasseur,prenom_ramasseur,telephone_ramasseur,id_equipe_ramasseur) VALUES ('Paquette','Archaimbau','06.02.00.00.23',4);
INSERT INTO RAMASSEUR (nom_ramasseur,prenom_ramasseur,telephone_ramasseur,id_equipe_ramasseur) VALUES ('Beauchamp','Porter','06.02.00.00.24',4);

-- INSERTION DE JOUEURS
-- Joueurs en Simple
INSERT INTO JOUEUR (nom_joueur,prenom_joueur,nationalite_joueur,age_joueur,nom_equipe,login,mdp) VALUES('Cantin','Aubrey','FR','19','ES001','canaub','canaub');
INSERT INTO JOUEUR (nom_joueur,prenom_joueur,nationalite_joueur,age_joueur,nom_equipe,login,mdp) VALUES('Carter','Joshua','US','24','ES002','carjos','carjos');
INSERT INTO JOUEUR (nom_joueur,prenom_joueur,nationalite_joueur,age_joueur,nom_equipe,login,mdp) VALUES('Gibbons','Nicholas','GB','22','ES003','gibnic','gibnic');
INSERT INTO JOUEUR (nom_joueur,prenom_joueur,nationalite_joueur,age_joueur,nom_equipe,login,mdp) VALUES('Grave','Timothy','AUS','28','ES004','gratim','gratim');
INSERT INTO JOUEUR (nom_joueur,prenom_joueur,nationalite_joueur,age_joueur,nom_equipe,login,mdp) VALUES('Mendoza','Tiago','ES','31','ES005','mentia','mentia');
INSERT INTO JOUEUR (nom_joueur,prenom_joueur,nationalite_joueur,age_joueur,nom_equipe,login,mdp) VALUES('Hegediš','Rrahman','SI','35','ES006','hegrra','heggra');
INSERT INTO JOUEUR (nom_joueur,prenom_joueur,nationalite_joueur,age_joueur,nom_equipe,login,mdp) VALUES('Siddiq','Arber','TN','23','ES007','sidarb','sidarb');
INSERT INTO JOUEUR (nom_joueur,prenom_joueur,nationalite_joueur,age_joueur,nom_equipe,login,mdp) VALUES('Sousa','Joao','BR','35','ES008','soujoa','soujoa');
INSERT INTO JOUEUR (nom_joueur,prenom_joueur,nationalite_joueur,age_joueur,nom_equipe,login,mdp) VALUES('Yü','Lee','CN','28','ES009','yulee','yulee');
INSERT INTO JOUEUR (nom_joueur,prenom_joueur,nationalite_joueur,age_joueur,nom_equipe,login,mdp) VALUES('Petrović','Rajko ','HR','20','ES010','petraj','petraj');
INSERT INTO JOUEUR (nom_joueur,prenom_joueur,nationalite_joueur,age_joueur,nom_equipe,login,mdp) VALUES('David S.','Dahl','SI','21','ES011','davdah','davdah');
INSERT INTO JOUEUR (nom_joueur,prenom_joueur,nationalite_joueur,age_joueur,nom_equipe,login,mdp) VALUES('Paloranta','Esa-Pekka','FI','22','ES012','palesa','palesa');
INSERT INTO JOUEUR (nom_joueur,prenom_joueur,nationalite_joueur,age_joueur,nom_equipe,login,mdp) VALUES('Knudsen','Isak','DE','30','ES013','knuisa','knuisa');
INSERT INTO JOUEUR (nom_joueur,prenom_joueur,nationalite_joueur,age_joueur,nom_equipe,login,mdp) VALUES('Paredes','Jacinto','UY','24','ES014','parjac','parjac');
INSERT INTO JOUEUR (nom_joueur,prenom_joueur,nationalite_joueur,age_joueur,nom_equipe,login,mdp) VALUES('Keled','Szatmáry','HU','20','ES015','kelsza','kelsza');
INSERT INTO JOUEUR (nom_joueur,prenom_joueur,nationalite_joueur,age_joueur,nom_equipe,login,mdp) VALUES('Valgeirsson','Örlygur','IE','23','ES016','valorl','valorl');
INSERT INTO JOUEUR (nom_joueur,prenom_joueur,nationalite_joueur,age_joueur,nom_equipe,login,mdp) VALUES('Barese','Angelico','IT','22','ES017','barang','barang');
INSERT INTO JOUEUR (nom_joueur,prenom_joueur,nationalite_joueur,age_joueur,nom_equipe,login,mdp) VALUES('Mitani','Naoki','JP','19','ES018','mitnao','mitnao');
INSERT INTO JOUEUR (nom_joueur,prenom_joueur,nationalite_joueur,age_joueur,nom_equipe,login,mdp) VALUES('Simonsen','Ruben','NO','26','ES019','simrub','simrub');
INSERT INTO JOUEUR (nom_joueur,prenom_joueur,nationalite_joueur,age_joueur,nom_equipe,login,mdp) VALUES('van Haagen','Nuri','NL','24','ES020','vannur','vannur');
INSERT INTO JOUEUR (nom_joueur,prenom_joueur,nationalite_joueur,age_joueur,nom_equipe,login,mdp) VALUES('Symanski','Marik','PL','28','ES021','symmari','symmari');
INSERT INTO JOUEUR (nom_joueur,prenom_joueur,nationalite_joueur,age_joueur,nom_equipe,login,mdp) VALUES('Matveyev','David','RU','25','ES022','matdav','matdav');
INSERT INTO JOUEUR (nom_joueur,prenom_joueur,nationalite_joueur,age_joueur,nom_equipe,login,mdp) VALUES('Štimnikar','Tjaš','SI','25','ES023','stitja','stitja');
INSERT INTO JOUEUR (nom_joueur,prenom_joueur,nationalite_joueur,age_joueur,nom_equipe,login,mdp) VALUES('Olofsson','Mille','SE','33','ES024','olomil','olomil');
INSERT INTO JOUEUR (nom_joueur,prenom_joueur,nationalite_joueur,age_joueur,nom_equipe,login,mdp) VALUES('Novák','Jaroslav','CZ','27','ES025','novjar','novjar');
INSERT INTO JOUEUR (nom_joueur,prenom_joueur,nationalite_joueur,age_joueur,nom_equipe,login,mdp) VALUES('Thi Kế','Trịnh','VN','23','ES026','thitri','thitri');
INSERT INTO JOUEUR (nom_joueur,prenom_joueur,nationalite_joueur,age_joueur,nom_equipe,login,mdp) VALUES('McGregor','Gavin','GB','25','ES027','mcggav','mcggav');
INSERT INTO JOUEUR (nom_joueur,prenom_joueur,nationalite_joueur,age_joueur,nom_equipe,login,mdp) VALUES('Jones','Alphonse','US','33','ES028','jonalp','jonalp');
INSERT INTO JOUEUR (nom_joueur,prenom_joueur,nationalite_joueur,age_joueur,nom_equipe,login,mdp) VALUES('Maldonado','Laszlo','VE','19','ES029','mallas','mallas');
INSERT INTO JOUEUR (nom_joueur,prenom_joueur,nationalite_joueur,age_joueur,nom_equipe,login,mdp) VALUES('Bonilla','Prudencio','CO','26','ES030','bonpru','bonpru');
INSERT INTO JOUEUR (nom_joueur,prenom_joueur,nationalite_joueur,age_joueur,nom_equipe,login,mdp) VALUES('Sexton','Aedan','IE','18','ES031','sexaed','sexaed');
INSERT INTO JOUEUR (nom_joueur,prenom_joueur,nationalite_joueur,age_joueur,nom_equipe,login,mdp) VALUES('Carron','Chrisitian ','CH','26','ES032','carchr','carchr');

-- Joueurs en double
INSERT INTO JOUEUR (nom_joueur,prenom_joueur,nationalite_joueur,age_joueur,nom_equipe,login,mdp) VALUES('Herman','Phillipp','DE','18','ED001','harphi','harphi');
INSERT INTO JOUEUR (nom_joueur,prenom_joueur,nationalite_joueur,age_joueur,nom_equipe,login,mdp) VALUES('Aaslund','Theo','NO','33','ED001','aasthe','aasthe');
INSERT INTO JOUEUR (nom_joueur,prenom_joueur,nationalite_joueur,age_joueur,nom_equipe,login,mdp) VALUES('Zinn','Max','US','26','ED002','zinmax','zinmax');
INSERT INTO JOUEUR (nom_joueur,prenom_joueur,nationalite_joueur,age_joueur,nom_equipe,login,mdp) VALUES('Heidema','Mikel','NL','27','ED002','heimik','heimik');
INSERT INTO JOUEUR (nom_joueur,prenom_joueur,nationalite_joueur,age_joueur,nom_equipe,login,mdp) VALUES('Taylor','Bailey','GB','20','ED003','taybai','taybai');
INSERT INTO JOUEUR (nom_joueur,prenom_joueur,nationalite_joueur,age_joueur,nom_equipe,login,mdp) VALUES('Zając','Ireneusz','PL','30','ED003','zajire','zajire');
INSERT INTO JOUEUR (nom_joueur,prenom_joueur,nationalite_joueur,age_joueur,nom_equipe,login,mdp) VALUES('Moghadam','Musa','SA','21','ED004','mogmus','mogmus');
INSERT INTO JOUEUR (nom_joueur,prenom_joueur,nationalite_joueur,age_joueur,nom_equipe,login,mdp) VALUES('Yermakov','Borislav','RU','35','ED004','yerbor','yerbor');
INSERT INTO JOUEUR (nom_joueur,prenom_joueur,nationalite_joueur,age_joueur,nom_equipe,login,mdp) VALUES('Keighley','Toby','AU','18','ED005','keitob','keitob');
INSERT INTO JOUEUR (nom_joueur,prenom_joueur,nationalite_joueur,age_joueur,nom_equipe,login,mdp) VALUES('Nassib','Hajzer','SI','35','ED005','nashaj','nashaj');
INSERT INTO JOUEUR (nom_joueur,prenom_joueur,nationalite_joueur,age_joueur,nom_equipe,login,mdp) VALUES('Gomes','André','BR','35','ED006','gomand','gomand');
INSERT INTO JOUEUR (nom_joueur,prenom_joueur,nationalite_joueur,age_joueur,nom_equipe,login,mdp) VALUES('Lundin','Philip','SE','31','ED006','lunphi','lunphi');
INSERT INTO JOUEUR (nom_joueur,prenom_joueur,nationalite_joueur,age_joueur,nom_equipe,login,mdp) VALUES('Hung','Chan','CN','27','ED007','huncha','huncha');
INSERT INTO JOUEUR (nom_joueur,prenom_joueur,nationalite_joueur,age_joueur,nom_equipe,login,mdp) VALUES('Hurtík','Adam','GE','19','ED007','hurada','hurada');
INSERT INTO JOUEUR (nom_joueur,prenom_joueur,nationalite_joueur,age_joueur,nom_equipe,login,mdp) VALUES('Cindrić','Zvonimir','HR','24','ED008','cinzvo','cinzvo');
INSERT INTO JOUEUR (nom_joueur,prenom_joueur,nationalite_joueur,age_joueur,nom_equipe,login,mdp) VALUES('﻿Văn Sau','Chu','VN','28','ED008','vanchu','vanchu');
INSERT INTO JOUEUR (nom_joueur,prenom_joueur,nationalite_joueur,age_joueur,nom_equipe,login,mdp) VALUES('Bertelsen','Bertram','DK','34','ED009','berber','berber');
INSERT INTO JOUEUR (nom_joueur,prenom_joueur,nationalite_joueur,age_joueur,nom_equipe,login,mdp) VALUES('Miller','Greg','GB','22','ED009','milgre','milgre');
INSERT INTO JOUEUR (nom_joueur,prenom_joueur,nationalite_joueur,age_joueur,nom_equipe,login,mdp) VALUES('Karhu','Kalervo','FI','22','ED008','karkal','karkal');
INSERT INTO JOUEUR (nom_joueur,prenom_joueur,nationalite_joueur,age_joueur,nom_equipe,login,mdp) VALUES('O\'Sullivan','Murphy ','IE','22','ED008','osumur','osumur');
INSERT INTO JOUEUR (nom_joueur,prenom_joueur,nationalite_joueur,age_joueur,nom_equipe,login,mdp) VALUES('Béland','Nicholas','FR','26','ED009','belnic','belnic');
INSERT INTO JOUEUR (nom_joueur,prenom_joueur,nationalite_joueur,age_joueur,nom_equipe,login,mdp) VALUES('Futsum','Senay','TR','34','ED009','futsen','futsen');
INSERT INTO JOUEUR (nom_joueur,prenom_joueur,nationalite_joueur,age_joueur,nom_equipe,login,mdp) VALUES('Rosing','Ludvig','GL','27','ED010','roslud','roslud');
INSERT INTO JOUEUR (nom_joueur,prenom_joueur,nationalite_joueur,age_joueur,nom_equipe,login,mdp) VALUES('Martok','Kornan','CH','33','ED010','markor','markor');
INSERT INTO JOUEUR (nom_joueur,prenom_joueur,nationalite_joueur,age_joueur,nom_equipe,login,mdp) VALUES('Camacho','Raimon','ES','23','ED011','camrai','camrai');
INSERT INTO JOUEUR (nom_joueur,prenom_joueur,nationalite_joueur,age_joueur,nom_equipe,login,mdp) VALUES('de Campos','Jorge','PT','26','ED011','decjor','decjor');
INSERT INTO JOUEUR (nom_joueur,prenom_joueur,nationalite_joueur,age_joueur,nom_equipe,login,mdp) VALUES('Rikard','Sándor','HU','27','ED012','riksan','riksan');
INSERT INTO JOUEUR (nom_joueur,prenom_joueur,nationalite_joueur,age_joueur,nom_equipe,login,mdp) VALUES('Janjić','Radašin','RS','23','ED012','janrad','janrad');
INSERT INTO JOUEUR (nom_joueur,prenom_joueur,nationalite_joueur,age_joueur,nom_equipe,login,mdp) VALUES('Sigurmonsson','Rögnvaldur','IS','31','ED013','sigrog','sigrog');
INSERT INTO JOUEUR (nom_joueur,prenom_joueur,nationalite_joueur,age_joueur,nom_equipe,login,mdp) VALUES('Kočić','Aleksa','ME','26','ED013','kocale','kocale');
INSERT INTO JOUEUR (nom_joueur,prenom_joueur,nationalite_joueur,age_joueur,nom_equipe,login,mdp) VALUES('Barese','Rolando','IT','27','ED014','barrol','barrol');
INSERT INTO JOUEUR (nom_joueur,prenom_joueur,nationalite_joueur,age_joueur,nom_equipe,login,mdp) VALUES('Taue','Haruka','JP','22','ED014','tauhar','tauhar');
INSERT INTO JOUEUR (nom_joueur,prenom_joueur,nationalite_joueur,age_joueur,nom_equipe,login,mdp) VALUES('Yedinak','David','US','26','ED015','yeddav','yeddav');
INSERT INTO JOUEUR (nom_joueur,prenom_joueur,nationalite_joueur,age_joueur,nom_equipe,login,mdp) VALUES('Green','Tyler','UK','27','ED015','gretyl','gretyl');
INSERT INTO JOUEUR (nom_joueur,prenom_joueur,nationalite_joueur,age_joueur,nom_equipe,login,mdp) VALUES('Raja','Issam','AF','23','ED016','rajiss','rajiss');
INSERT INTO JOUEUR (nom_joueur,prenom_joueur,nationalite_joueur,age_joueur,nom_equipe,login,mdp) VALUES('Scherf','Cameron','AU','18','ED016','schcam','schcam');
INSERT INTO JOUEUR (nom_joueur,prenom_joueur,nationalite_joueur,age_joueur,nom_equipe,login,mdp) VALUES('Correia','Julian','BR','27','ED017','corjul','corjul');
INSERT INTO JOUEUR (nom_joueur,prenom_joueur,nationalite_joueur,age_joueur,nom_equipe,login,mdp) VALUES('Hsueh','Bo','CN','30','ED017','hsubo','hsubo');
INSERT INTO JOUEUR (nom_joueur,prenom_joueur,nationalite_joueur,age_joueur,nom_equipe,login,mdp) VALUES('Antunović','Ratimir','HR','19','ED018','antrat','antrat');
INSERT INTO JOUEUR (nom_joueur,prenom_joueur,nationalite_joueur,age_joueur,nom_equipe,login,mdp) VALUES('Johansen','Michael','DK','22','ED018','johmic','johmic');
INSERT INTO JOUEUR (nom_joueur,prenom_joueur,nationalite_joueur,age_joueur,nom_equipe,login,mdp) VALUES('Petelius','Onni','FI','31','ED019','petonn','petonn');
INSERT INTO JOUEUR (nom_joueur,prenom_joueur,nationalite_joueur,age_joueur,nom_equipe,login,mdp) VALUES('Chabot','Franck','FR','22','ED019','chapra','chapra');
INSERT INTO JOUEUR (nom_joueur,prenom_joueur,nationalite_joueur,age_joueur,nom_equipe,login,mdp) VALUES('Rosas','Valdemar','ES','22','ED020','rosval','rosval');
INSERT INTO JOUEUR (nom_joueur,prenom_joueur,nationalite_joueur,age_joueur,nom_equipe,login,mdp) VALUES('Márkó','Szölôsy','HU','23','ED020','marszo','marszo');
INSERT INTO JOUEUR (nom_joueur,prenom_joueur,nationalite_joueur,age_joueur,nom_equipe,login,mdp) VALUES('Gústafsson','Kjartan','IS','26','ED021','guskja','guskja');
INSERT INTO JOUEUR (nom_joueur,prenom_joueur,nationalite_joueur,age_joueur,nom_equipe,login,mdp) VALUES('Angelo','Candido','IT','20','ED021','angcan','angcan');
INSERT INTO JOUEUR (nom_joueur,prenom_joueur,nationalite_joueur,age_joueur,nom_equipe,login,mdp) VALUES('Goto','Atsuo','JP','23','ED022','gotats','gotats');
INSERT INTO JOUEUR (nom_joueur,prenom_joueur,nationalite_joueur,age_joueur,nom_equipe,login,mdp) VALUES('Hole','Oscar','NO','33','ED022','holosc','holosc');

-- INSERTION DE RENCONTRES
-- 1/16 Jour 1 matin
INSERT INTO RENCONTRE(type_match,nom_equipe_gagnant,libelle_match,id_Court,id_Tournoi,id_joueur1,id_joueur2,id_joueur3,id_joueur4,id_equipe_ramasseur1,id_equipe_ramasseur2,id_arbitre1,id_arbitre2,id_arbitre3,id_arbitre4,id_arbitre5,id_arbitre6,id_arbitre7,id_arbitre8,id_arbitre9,id_arbitre10) VALUES ('Tournoi','ES001','1/16',1,1,1,32,null,null,1,2,1,2,3,4,5,6,7,8,9,10);
INSERT INTO RENCONTRE(type_match,nom_equipe_gagnant,libelle_match,id_Court,id_Tournoi,id_joueur1,id_joueur2,id_joueur3,id_joueur4,id_equipe_ramasseur1,id_equipe_ramasseur2,id_arbitre1,id_arbitre2,id_arbitre3,id_arbitre4,id_arbitre5,id_arbitre6,id_arbitre7,id_arbitre8,id_arbitre9,id_arbitre10) VALUES ('Tournoi','ES016','1/16',2,1,16,17,null,null,3,4,11,12,13,14,15,16,17,18,19,20);
INSERT INTO RENCONTRE(type_match,nom_equipe_gagnant,libelle_match,id_Court,id_Tournoi,id_joueur1,id_joueur2,id_joueur3,id_joueur4,id_equipe_ramasseur1,id_equipe_ramasseur2,id_arbitre1,id_arbitre2,id_arbitre3,id_arbitre4,id_arbitre5,id_arbitre6,id_arbitre7,id_arbitre8,id_arbitre9,id_arbitre10) VALUES ('Tournoi','ES008','1/16',3,1,8,25,null,null,5,6,21,22,23,24,25,26,27,28,29,30);
INSERT INTO RENCONTRE(type_match,nom_equipe_gagnant,libelle_match,id_Court,id_Tournoi,id_joueur1,id_joueur2,id_joueur3,id_joueur4,id_equipe_ramasseur1,id_equipe_ramasseur2,id_arbitre1,id_arbitre2,id_arbitre3,id_arbitre4,id_arbitre5,id_arbitre6,id_arbitre7,id_arbitre8,id_arbitre9,id_arbitre10) VALUES ('Tournoi','ES024','1/16',4,1,9,24,null,null,7,8,31,32,33,34,35,36,37,38,39,40);
-- 1/16 Jour 1 midi
INSERT INTO RENCONTRE(type_match,nom_equipe_gagnant,libelle_match,id_Court,id_Tournoi,id_joueur1,id_joueur2,id_joueur3,id_joueur4,id_equipe_ramasseur1,id_equipe_ramasseur2,id_arbitre1,id_arbitre2,id_arbitre3,id_arbitre4,id_arbitre5,id_arbitre6,id_arbitre7,id_arbitre8,id_arbitre9,id_arbitre10) VALUES ('Tournoi','ES004','1/16',1,1,4,29,null,null,9,10,41,2,3,4,5,6,7,8,9,10);
INSERT INTO RENCONTRE(type_match,nom_equipe_gagnant,libelle_match,id_Court,id_Tournoi,id_joueur1,id_joueur2,id_joueur3,id_joueur4,id_equipe_ramasseur1,id_equipe_ramasseur2,id_arbitre1,id_arbitre2,id_arbitre3,id_arbitre4,id_arbitre5,id_arbitre6,id_arbitre7,id_arbitre8,id_arbitre9,id_arbitre10) VALUES ('Tournoi','ES020','1/16',2,1,13,20,null,null,11,12,42,12,13,14,15,16,17,18,19,20);
INSERT INTO RENCONTRE(type_match,nom_equipe_gagnant,libelle_match,id_Court,id_Tournoi,id_joueur1,id_joueur2,id_joueur3,id_joueur4,id_equipe_ramasseur1,id_equipe_ramasseur2,id_arbitre1,id_arbitre2,id_arbitre3,id_arbitre4,id_arbitre5,id_arbitre6,id_arbitre7,id_arbitre8,id_arbitre9,id_arbitre10) VALUES ('Tournoi','ES005','1/16',3,1,5,28,null,null,13,14,43,22,23,24,25,26,27,28,29,30);
INSERT INTO RENCONTRE(type_match,nom_equipe_gagnant,libelle_match,id_Court,id_Tournoi,id_joueur1,id_joueur2,id_joueur3,id_joueur4,id_equipe_ramasseur1,id_equipe_ramasseur2,id_arbitre1,id_arbitre2,id_arbitre3,id_arbitre4,id_arbitre5,id_arbitre6,id_arbitre7,id_arbitre8,id_arbitre9,id_arbitre10) VALUES ('Tournoi','ES021','1/16',4,1,12,21,null,null,15,16,44,32,33,34,35,36,37,38,39,40);
-- 1/16 Jour 1 soirée
INSERT INTO RENCONTRE(type_match,nom_equipe_gagnant,libelle_match,id_Court,id_Tournoi,id_joueur1,id_joueur2,id_joueur3,id_joueur4,id_equipe_ramasseur1,id_equipe_ramasseur2,id_arbitre1,id_arbitre2,id_arbitre3,id_arbitre4,id_arbitre5,id_arbitre6,id_arbitre7,id_arbitre8,id_arbitre9,id_arbitre10) VALUES ('Tournoi','ES002','1/16',1,1,2,31,null,null,1,2,45,2,3,4,5,6,7,8,9,10);
INSERT INTO RENCONTRE(type_match,nom_equipe_gagnant,libelle_match,id_Court,id_Tournoi,id_joueur1,id_joueur2,id_joueur3,id_joueur4,id_equipe_ramasseur1,id_equipe_ramasseur2,id_arbitre1,id_arbitre2,id_arbitre3,id_arbitre4,id_arbitre5,id_arbitre6,id_arbitre7,id_arbitre8,id_arbitre9,id_arbitre10) VALUES ('Tournoi','ES015','1/16',2,1,15,18,null,null,3,4,46,12,13,14,15,16,17,18,19,20);
INSERT INTO RENCONTRE(type_match,nom_equipe_gagnant,libelle_match,id_Court,id_Tournoi,id_joueur1,id_joueur2,id_joueur3,id_joueur4,id_equipe_ramasseur1,id_equipe_ramasseur2,id_arbitre1,id_arbitre2,id_arbitre3,id_arbitre4,id_arbitre5,id_arbitre6,id_arbitre7,id_arbitre8,id_arbitre9,id_arbitre10) VALUES ('Tournoi','ES026','1/16',3,1,7,26,null,null,5,6,1,22,23,24,25,26,27,28,29,30);
INSERT INTO RENCONTRE(type_match,nom_equipe_gagnant,libelle_match,id_Court,id_Tournoi,id_joueur1,id_joueur2,id_joueur3,id_joueur4,id_equipe_ramasseur1,id_equipe_ramasseur2,id_arbitre1,id_arbitre2,id_arbitre3,id_arbitre4,id_arbitre5,id_arbitre6,id_arbitre7,id_arbitre8,id_arbitre9,id_arbitre10) VALUES ('Tournoi','ES023','1/16',4,1,10,23,null,null,7,8,11,32,33,34,35,36,37,38,39,40);
-- 1/16 Jour 2 matin
INSERT INTO RENCONTRE(type_match,nom_equipe_gagnant,libelle_match,id_Court,id_Tournoi,id_joueur1,id_joueur2,id_joueur3,id_joueur4,id_equipe_ramasseur1,id_equipe_ramasseur2,id_arbitre1,id_arbitre2,id_arbitre3,id_arbitre4,id_arbitre5,id_arbitre6,id_arbitre7,id_arbitre8,id_arbitre9,id_arbitre10) VALUES ('Tournoi','ES003','1/16',1,1,3,30,null,null,9,10,21,2,3,4,5,6,7,8,9,10);
INSERT INTO RENCONTRE(type_match,nom_equipe_gagnant,libelle_match,id_Court,id_Tournoi,id_joueur1,id_joueur2,id_joueur3,id_joueur4,id_equipe_ramasseur1,id_equipe_ramasseur2,id_arbitre1,id_arbitre2,id_arbitre3,id_arbitre4,id_arbitre5,id_arbitre6,id_arbitre7,id_arbitre8,id_arbitre9,id_arbitre10) VALUES ('Tournoi','ES019','1/16',2,1,14,19,null,null,11,12,31,12,13,14,15,16,17,18,19,20);
INSERT INTO RENCONTRE(type_match,nom_equipe_gagnant,libelle_match,id_Court,id_Tournoi,id_joueur1,id_joueur2,id_joueur3,id_joueur4,id_equipe_ramasseur1,id_equipe_ramasseur2,id_arbitre1,id_arbitre2,id_arbitre3,id_arbitre4,id_arbitre5,id_arbitre6,id_arbitre7,id_arbitre8,id_arbitre9,id_arbitre10) VALUES ('Tournoi','ES006','1/16',3,1,6,27,null,null,13,14,41,22,23,24,25,26,27,28,29,30);
INSERT INTO RENCONTRE(type_match,nom_equipe_gagnant,libelle_match,id_Court,id_Tournoi,id_joueur1,id_joueur2,id_joueur3,id_joueur4,id_equipe_ramasseur1,id_equipe_ramasseur2,id_arbitre1,id_arbitre2,id_arbitre3,id_arbitre4,id_arbitre5,id_arbitre6,id_arbitre7,id_arbitre8,id_arbitre9,id_arbitre10) VALUES ('Tournoi','ES022','1/16',4,1,11,22,null,null,15,16,42,32,33,34,35,36,37,38,39,40);
-- 1/8 Jour 2 midi
INSERT INTO RENCONTRE(type_match,nom_equipe_gagnant,libelle_match,id_Court,id_Tournoi,id_joueur1,id_joueur2,id_joueur3,id_joueur4,id_equipe_ramasseur1,id_equipe_ramasseur2,id_arbitre1,id_arbitre2,id_arbitre3,id_arbitre4,id_arbitre5,id_arbitre6,id_arbitre7,id_arbitre8,id_arbitre9,id_arbitre10) VALUES ('Tournoi','ES001','1/8',1,1,1,16,null,null,1,2,43,2,3,4,5,6,7,8,9,10);
INSERT INTO RENCONTRE(type_match,nom_equipe_gagnant,libelle_match,id_Court,id_Tournoi,id_joueur1,id_joueur2,id_joueur3,id_joueur4,id_equipe_ramasseur1,id_equipe_ramasseur2,id_arbitre1,id_arbitre2,id_arbitre3,id_arbitre4,id_arbitre5,id_arbitre6,id_arbitre7,id_arbitre8,id_arbitre9,id_arbitre10) VALUES ('Tournoi','ES024','1/8',2,1,8,24,null,null,3,4,44,12,13,14,15,16,17,18,19,20);
INSERT INTO RENCONTRE(type_match,nom_equipe_gagnant,libelle_match,id_Court,id_Tournoi,id_joueur1,id_joueur2,id_joueur3,id_joueur4,id_equipe_ramasseur1,id_equipe_ramasseur2,id_arbitre1,id_arbitre2,id_arbitre3,id_arbitre4,id_arbitre5,id_arbitre6,id_arbitre7,id_arbitre8,id_arbitre9,id_arbitre10) VALUES ('Tournoi','ES004','1/8',3,1,4,20,null,null,5,6,45,22,23,24,25,26,27,28,29,30);
INSERT INTO RENCONTRE(type_match,nom_equipe_gagnant,libelle_match,id_Court,id_Tournoi,id_joueur1,id_joueur2,id_joueur3,id_joueur4,id_equipe_ramasseur1,id_equipe_ramasseur2,id_arbitre1,id_arbitre2,id_arbitre3,id_arbitre4,id_arbitre5,id_arbitre6,id_arbitre7,id_arbitre8,id_arbitre9,id_arbitre10) VALUES ('Tournoi','ES005','1/8',4,1,5,21,null,null,7,8,46,32,33,34,35,36,37,38,39,40);
-- 1/8 Jour 2 soirée
INSERT INTO RENCONTRE(type_match,nom_equipe_gagnant,libelle_match,id_Court,id_Tournoi,id_joueur1,id_joueur2,id_joueur3,id_joueur4,id_equipe_ramasseur1,id_equipe_ramasseur2,id_arbitre1,id_arbitre2,id_arbitre3,id_arbitre4,id_arbitre5,id_arbitre6,id_arbitre7,id_arbitre8,id_arbitre9,id_arbitre10) VALUES ('Tournoi','ES015','1/8',1,1,2,15,null,null,9,10,47,2,3,4,5,6,7,8,9,10);
INSERT INTO RENCONTRE(type_match,nom_equipe_gagnant,libelle_match,id_Court,id_Tournoi,id_joueur1,id_joueur2,id_joueur3,id_joueur4,id_equipe_ramasseur1,id_equipe_ramasseur2,id_arbitre1,id_arbitre2,id_arbitre3,id_arbitre4,id_arbitre5,id_arbitre6,id_arbitre7,id_arbitre8,id_arbitre9,id_arbitre10) VALUES ('Tournoi','ES023','1/8',2,1,26,23,null,null,11,12,48,12,13,14,15,16,17,18,19,20);
INSERT INTO RENCONTRE(type_match,nom_equipe_gagnant,libelle_match,id_Court,id_Tournoi,id_joueur1,id_joueur2,id_joueur3,id_joueur4,id_equipe_ramasseur1,id_equipe_ramasseur2,id_arbitre1,id_arbitre2,id_arbitre3,id_arbitre4,id_arbitre5,id_arbitre6,id_arbitre7,id_arbitre8,id_arbitre9,id_arbitre10) VALUES ('Tournoi','ES003','1/8',3,1,3,19,null,null,13,14,49,22,23,24,25,26,27,28,29,30);
INSERT INTO RENCONTRE(type_match,nom_equipe_gagnant,libelle_match,id_Court,id_Tournoi,id_joueur1,id_joueur2,id_joueur3,id_joueur4,id_equipe_ramasseur1,id_equipe_ramasseur2,id_arbitre1,id_arbitre2,id_arbitre3,id_arbitre4,id_arbitre5,id_arbitre6,id_arbitre7,id_arbitre8,id_arbitre9,id_arbitre10) VALUES ('Tournoi','ES022','1/8',4,1,6,22,null,null,15,16,50,32,33,34,35,36,37,38,39,40);

-- INSERTION DE SETS
-- SETS 1/16 Qualification Simple
INSERT INTO BALLE_SET (nb_jeu,duree_set,id_Match,id_joueur) VALUES(6,30,1,1);
INSERT INTO BALLE_SET (nb_jeu,duree_set,id_Match,id_joueur) VALUES(3,30,1,32);
INSERT INTO BALLE_SET (nb_jeu,duree_set,id_Match,id_joueur) VALUES(6,30,1,1);
INSERT INTO BALLE_SET (nb_jeu,duree_set,id_Match,id_joueur) VALUES(3,30,1,32);

INSERT INTO BALLE_SET (nb_jeu,duree_set,id_Match,id_joueur) VALUES(6,30,2,16);
INSERT INTO BALLE_SET (nb_jeu,duree_set,id_Match,id_joueur) VALUES(1,30,2,17);
INSERT INTO BALLE_SET (nb_jeu,duree_set,id_Match,id_joueur) VALUES(6,30,2,16);
INSERT INTO BALLE_SET (nb_jeu,duree_set,id_Match,id_joueur) VALUES(4,30,2,17);

INSERT INTO BALLE_SET (nb_jeu,duree_set,id_Match,id_joueur) VALUES(7,30,3,8);
INSERT INTO BALLE_SET (nb_jeu,duree_set,id_Match,id_joueur) VALUES(6,30,3,25);
INSERT INTO BALLE_SET (nb_jeu,duree_set,id_Match,id_joueur) VALUES(6,30,3,8);
INSERT INTO BALLE_SET (nb_jeu,duree_set,id_Match,id_joueur) VALUES(4,30,3,25);

INSERT INTO BALLE_SET (nb_jeu,duree_set,id_Match,id_joueur) VALUES(4,30,4,9);
INSERT INTO BALLE_SET (nb_jeu,duree_set,id_Match,id_joueur) VALUES(6,30,4,24);
INSERT INTO BALLE_SET (nb_jeu,duree_set,id_Match,id_joueur) VALUES(2,30,4,9);
INSERT INTO BALLE_SET (nb_jeu,duree_set,id_Match,id_joueur) VALUES(6,30,4,24);

INSERT INTO BALLE_SET (nb_jeu,duree_set,id_Match,id_joueur) VALUES(6,30,5,4);
INSERT INTO BALLE_SET (nb_jeu,duree_set,id_Match,id_joueur) VALUES(3,30,5,29);
INSERT INTO BALLE_SET (nb_jeu,duree_set,id_Match,id_joueur) VALUES(6,30,5,4);
INSERT INTO BALLE_SET (nb_jeu,duree_set,id_Match,id_joueur) VALUES(2,30,5,29);

INSERT INTO BALLE_SET (nb_jeu,duree_set,id_Match,id_joueur) VALUES(3,30,6,13);
INSERT INTO BALLE_SET (nb_jeu,duree_set,id_Match,id_joueur) VALUES(6,30,6,20);
INSERT INTO BALLE_SET (nb_jeu,duree_set,id_Match,id_joueur) VALUES(2,30,6,13);
INSERT INTO BALLE_SET (nb_jeu,duree_set,id_Match,id_joueur) VALUES(6,30,6,20);

INSERT INTO BALLE_SET (nb_jeu,duree_set,id_Match,id_joueur) VALUES(6,30,7,5);
INSERT INTO BALLE_SET (nb_jeu,duree_set,id_Match,id_joueur) VALUES(1,30,7,28);
INSERT INTO BALLE_SET (nb_jeu,duree_set,id_Match,id_joueur) VALUES(6,30,7,5);
INSERT INTO BALLE_SET (nb_jeu,duree_set,id_Match,id_joueur) VALUES(4,30,7,28);

INSERT INTO BALLE_SET (nb_jeu,duree_set,id_Match,id_joueur) VALUES(4,30,8,12);
INSERT INTO BALLE_SET (nb_jeu,duree_set,id_Match,id_joueur) VALUES(6,30,8,21);
INSERT INTO BALLE_SET (nb_jeu,duree_set,id_Match,id_joueur) VALUES(4,30,8,12);
INSERT INTO BALLE_SET (nb_jeu,duree_set,id_Match,id_joueur) VALUES(6,30,8,21);

INSERT INTO BALLE_SET (nb_jeu,duree_set,id_Match,id_joueur) VALUES(7,30,9,2);
INSERT INTO BALLE_SET (nb_jeu,duree_set,id_Match,id_joueur) VALUES(5,30,9,31);
INSERT INTO BALLE_SET (nb_jeu,duree_set,id_Match,id_joueur) VALUES(6,30,9,2);
INSERT INTO BALLE_SET (nb_jeu,duree_set,id_Match,id_joueur) VALUES(3,30,9,31);

INSERT INTO BALLE_SET (nb_jeu,duree_set,id_Match,id_joueur) VALUES(7,30,10,15);
INSERT INTO BALLE_SET (nb_jeu,duree_set,id_Match,id_joueur) VALUES(6,30,10,18);
INSERT INTO BALLE_SET (nb_jeu,duree_set,id_Match,id_joueur) VALUES(7,30,10,15);
INSERT INTO BALLE_SET (nb_jeu,duree_set,id_Match,id_joueur) VALUES(6,30,10,18);

INSERT INTO BALLE_SET (nb_jeu,duree_set,id_Match,id_joueur) VALUES(6,30,11,7);
INSERT INTO BALLE_SET (nb_jeu,duree_set,id_Match,id_joueur) VALUES(7,30,11,26);
INSERT INTO BALLE_SET (nb_jeu,duree_set,id_Match,id_joueur) VALUES(4,30,11,7);
INSERT INTO BALLE_SET (nb_jeu,duree_set,id_Match,id_joueur) VALUES(6,30,11,26);

INSERT INTO BALLE_SET (nb_jeu,duree_set,id_Match,id_joueur) VALUES(3,30,12,10);
INSERT INTO BALLE_SET (nb_jeu,duree_set,id_Match,id_joueur) VALUES(6,30,12,23);
INSERT INTO BALLE_SET (nb_jeu,duree_set,id_Match,id_joueur) VALUES(1,30,12,10);
INSERT INTO BALLE_SET (nb_jeu,duree_set,id_Match,id_joueur) VALUES(6,30,12,23);

INSERT INTO BALLE_SET (nb_jeu,duree_set,id_Match,id_joueur) VALUES(6,30,13,3);
INSERT INTO BALLE_SET (nb_jeu,duree_set,id_Match,id_joueur) VALUES(4,30,13,30);
INSERT INTO BALLE_SET (nb_jeu,duree_set,id_Match,id_joueur) VALUES(7,30,13,3);
INSERT INTO BALLE_SET (nb_jeu,duree_set,id_Match,id_joueur) VALUES(6,30,13,30);

INSERT INTO BALLE_SET (nb_jeu,duree_set,id_Match,id_joueur) VALUES(2,30,14,14);
INSERT INTO BALLE_SET (nb_jeu,duree_set,id_Match,id_joueur) VALUES(6,30,14,19);
INSERT INTO BALLE_SET (nb_jeu,duree_set,id_Match,id_joueur) VALUES(4,30,14,14);
INSERT INTO BALLE_SET (nb_jeu,duree_set,id_Match,id_joueur) VALUES(6,30,14,19);

INSERT INTO BALLE_SET (nb_jeu,duree_set,id_Match,id_joueur) VALUES(6,30,15,6);
INSERT INTO BALLE_SET (nb_jeu,duree_set,id_Match,id_joueur) VALUES(3,30,15,27);
INSERT INTO BALLE_SET (nb_jeu,duree_set,id_Match,id_joueur) VALUES(6,30,15,6);
INSERT INTO BALLE_SET (nb_jeu,duree_set,id_Match,id_joueur) VALUES(4,30,15,27);

INSERT INTO BALLE_SET (nb_jeu,duree_set,id_Match,id_joueur) VALUES(1,30,16,11);
INSERT INTO BALLE_SET (nb_jeu,duree_set,id_Match,id_joueur) VALUES(6,30,16,22);
INSERT INTO BALLE_SET (nb_jeu,duree_set,id_Match,id_joueur) VALUES(3,30,16,11);
INSERT INTO BALLE_SET (nb_jeu,duree_set,id_Match,id_joueur) VALUES(6,30,16,22);

-- SETS 1/8 Qualification Simple
INSERT INTO BALLE_SET (nb_jeu,duree_set,id_Match,id_joueur) VALUES(6,30,17,1);
INSERT INTO BALLE_SET (nb_jeu,duree_set,id_Match,id_joueur) VALUES(3,30,17,16);
INSERT INTO BALLE_SET (nb_jeu,duree_set,id_Match,id_joueur) VALUES(6,30,17,1);
INSERT INTO BALLE_SET (nb_jeu,duree_set,id_Match,id_joueur) VALUES(2,30,17,16);

INSERT INTO BALLE_SET (nb_jeu,duree_set,id_Match,id_joueur) VALUES(2,30,18,8);
INSERT INTO BALLE_SET (nb_jeu,duree_set,id_Match,id_joueur) VALUES(6,30,18,24);
INSERT INTO BALLE_SET (nb_jeu,duree_set,id_Match,id_joueur) VALUES(2,30,18,8);
INSERT INTO BALLE_SET (nb_jeu,duree_set,id_Match,id_joueur) VALUES(6,30,18,24);

INSERT INTO BALLE_SET (nb_jeu,duree_set,id_Match,id_joueur) VALUES(6,30,19,4);
INSERT INTO BALLE_SET (nb_jeu,duree_set,id_Match,id_joueur) VALUES(4,30,19,20);
INSERT INTO BALLE_SET (nb_jeu,duree_set,id_Match,id_joueur) VALUES(6,30,19,4);
INSERT INTO BALLE_SET (nb_jeu,duree_set,id_Match,id_joueur) VALUES(4,30,19,20);

INSERT INTO BALLE_SET (nb_jeu,duree_set,id_Match,id_joueur) VALUES(7,30,20,5);
INSERT INTO BALLE_SET (nb_jeu,duree_set,id_Match,id_joueur) VALUES(5,30,20,21);
INSERT INTO BALLE_SET (nb_jeu,duree_set,id_Match,id_joueur) VALUES(6,30,20,5);
INSERT INTO BALLE_SET (nb_jeu,duree_set,id_Match,id_joueur) VALUES(3,30,20,21);

INSERT INTO BALLE_SET (nb_jeu,duree_set,id_Match,id_joueur) VALUES(6,30,21,2);
INSERT INTO BALLE_SET (nb_jeu,duree_set,id_Match,id_joueur) VALUES(7,30,21,15);
INSERT INTO BALLE_SET (nb_jeu,duree_set,id_Match,id_joueur) VALUES(4,30,21,2);
INSERT INTO BALLE_SET (nb_jeu,duree_set,id_Match,id_joueur) VALUES(6,30,21,15);

INSERT INTO BALLE_SET (nb_jeu,duree_set,id_Match,id_joueur) VALUES(2,30,22,26);
INSERT INTO BALLE_SET (nb_jeu,duree_set,id_Match,id_joueur) VALUES(6,30,22,23);
INSERT INTO BALLE_SET (nb_jeu,duree_set,id_Match,id_joueur) VALUES(3,30,22,26);
INSERT INTO BALLE_SET (nb_jeu,duree_set,id_Match,id_joueur) VALUES(6,30,22,23);

INSERT INTO BALLE_SET (nb_jeu,duree_set,id_Match,id_joueur) VALUES(6,30,23,3);
INSERT INTO BALLE_SET (nb_jeu,duree_set,id_Match,id_joueur) VALUES(2,30,23,19);
INSERT INTO BALLE_SET (nb_jeu,duree_set,id_Match,id_joueur) VALUES(6,30,23,3);
INSERT INTO BALLE_SET (nb_jeu,duree_set,id_Match,id_joueur) VALUES(2,30,23,19);

INSERT INTO BALLE_SET (nb_jeu,duree_set,id_Match,id_joueur) VALUES(2,30,24,6);
INSERT INTO BALLE_SET (nb_jeu,duree_set,id_Match,id_joueur) VALUES(6,30,24,22);
INSERT INTO BALLE_SET (nb_jeu,duree_set,id_Match,id_joueur) VALUES(3,30,24,6);
INSERT INTO BALLE_SET (nb_jeu,duree_set,id_Match,id_joueur) VALUES(6,30,24,22);

-- -- SETS 1/4 Qualification Simple
-- INSERT INTO BALLE_SET (nb_jeu,duree_set,id_Match,id_joueur) VALUES(7,30,25,1);
-- INSERT INTO BALLE_SET (nb_jeu,duree_set,id_Match,id_joueur) VALUES(5,30,25,24);
-- INSERT INTO BALLE_SET (nb_jeu,duree_set,id_Match,id_joueur) VALUES(6,30,25,1);
-- INSERT INTO BALLE_SET (nb_jeu,duree_set,id_Match,id_joueur) VALUES(2,30,25,24);
-- INSERT INTO BALLE_SET (nb_jeu,duree_set,id_Match,id_joueur) VALUES(6,30,25,1);
-- INSERT INTO BALLE_SET (nb_jeu,duree_set,id_Match,id_joueur) VALUES(2,30,25,24);
--
-- INSERT INTO BALLE_SET (nb_jeu,duree_set,id_Match,id_joueur) VALUES(6,30,26,4);
-- INSERT INTO BALLE_SET (nb_jeu,duree_set,id_Match,id_joueur) VALUES(2,30,26,5);
-- INSERT INTO BALLE_SET (nb_jeu,duree_set,id_Match,id_joueur) VALUES(6,30,26,4);
-- INSERT INTO BALLE_SET (nb_jeu,duree_set,id_Match,id_joueur) VALUES(4,30,26,5);
-- INSERT INTO BALLE_SET (nb_jeu,duree_set,id_Match,id_joueur) VALUES(6,30,26,4);
-- INSERT INTO BALLE_SET (nb_jeu,duree_set,id_Match,id_joueur) VALUES(2,30,26,5);
--
-- INSERT INTO BALLE_SET (nb_jeu,duree_set,id_Match,id_joueur) VALUES(6,30,27,15);
-- INSERT INTO BALLE_SET (nb_jeu,duree_set,id_Match,id_joueur) VALUES(7,30,27,23);
-- INSERT INTO BALLE_SET (nb_jeu,duree_set,id_Match,id_joueur) VALUES(6,30,27,15);
-- INSERT INTO BALLE_SET (nb_jeu,duree_set,id_Match,id_joueur) VALUES(4,30,27,23);
-- INSERT INTO BALLE_SET (nb_jeu,duree_set,id_Match,id_joueur) VALUES(6,30,27,15);
-- INSERT INTO BALLE_SET (nb_jeu,duree_set,id_Match,id_joueur) VALUES(7,30,27,23);
-- INSERT INTO BALLE_SET (nb_jeu,duree_set,id_Match,id_joueur) VALUES(4,30,27,15);
-- INSERT INTO BALLE_SET (nb_jeu,duree_set,id_Match,id_joueur) VALUES(6,30,27,23);
--
-- INSERT INTO BALLE_SET (nb_jeu,duree_set,id_Match,id_joueur) VALUES(1,30,28,3);
-- INSERT INTO BALLE_SET (nb_jeu,duree_set,id_Match,id_joueur) VALUES(6,30,28,22);
-- INSERT INTO BALLE_SET (nb_jeu,duree_set,id_Match,id_joueur) VALUES(1,30,28,3);
-- INSERT INTO BALLE_SET (nb_jeu,duree_set,id_Match,id_joueur) VALUES(6,30,28,22);
-- INSERT INTO BALLE_SET (nb_jeu,duree_set,id_Match,id_joueur) VALUES(3,30,28,3);
-- INSERT INTO BALLE_SET (nb_jeu,duree_set,id_Match,id_joueur) VALUES(6,30,28,22);

-- INSERTION DE SE_DEROULE2
INSERT INTO SE_DEROULE2(id_Match,id_Horaire,libelle_horaire) VALUES(1,1,'Matin');
INSERT INTO SE_DEROULE2(id_Match,id_Horaire,libelle_horaire) VALUES(2,1,'Matin');
INSERT INTO SE_DEROULE2(id_Match,id_Horaire,libelle_horaire) VALUES(3,1,'Matin');
INSERT INTO SE_DEROULE2(id_Match,id_Horaire,libelle_horaire) VALUES(4,1,'Matin');

INSERT INTO SE_DEROULE2(id_Match,id_Horaire,libelle_horaire) VALUES(5,2,'Midi');
INSERT INTO SE_DEROULE2(id_Match,id_Horaire,libelle_horaire) VALUES(6,2,'Midi');
INSERT INTO SE_DEROULE2(id_Match,id_Horaire,libelle_horaire) VALUES(7,2,'Midi');
INSERT INTO SE_DEROULE2(id_Match,id_Horaire,libelle_horaire) VALUES(8,2,'Midi');

INSERT INTO SE_DEROULE2(id_Match,id_Horaire,libelle_horaire) VALUES(9,3,'Soirée');
INSERT INTO SE_DEROULE2(id_Match,id_Horaire,libelle_horaire) VALUES(10,3,'Soirée');
INSERT INTO SE_DEROULE2(id_Match,id_Horaire,libelle_horaire) VALUES(11,3,'Soirée');
INSERT INTO SE_DEROULE2(id_Match,id_Horaire,libelle_horaire) VALUES(12,3,'Soirée');

INSERT INTO SE_DEROULE2(id_Match,id_Horaire,libelle_horaire) VALUES(13,4,'Matin');
INSERT INTO SE_DEROULE2(id_Match,id_Horaire,libelle_horaire) VALUES(14,4,'Matin');
INSERT INTO SE_DEROULE2(id_Match,id_Horaire,libelle_horaire) VALUES(15,4,'Matin');
INSERT INTO SE_DEROULE2(id_Match,id_Horaire,libelle_horaire) VALUES(16,4,'Matin');

INSERT INTO SE_DEROULE2(id_Match,id_Horaire,libelle_horaire) VALUES(17,5,'Midi');
INSERT INTO SE_DEROULE2(id_Match,id_Horaire,libelle_horaire) VALUES(18,5,'Midi');
INSERT INTO SE_DEROULE2(id_Match,id_Horaire,libelle_horaire) VALUES(19,5,'Midi');
INSERT INTO SE_DEROULE2(id_Match,id_Horaire,libelle_horaire) VALUES(20,5,'Midi');

INSERT INTO SE_DEROULE2(id_Match,id_Horaire,libelle_horaire) VALUES(21,6,'Soirée');
INSERT INTO SE_DEROULE2(id_Match,id_Horaire,libelle_horaire) VALUES(22,6,'Soirée');
INSERT INTO SE_DEROULE2(id_Match,id_Horaire,libelle_horaire) VALUES(23,6,'Soirée');
INSERT INTO SE_DEROULE2(id_Match,id_Horaire,libelle_horaire) VALUES(24,6,'Soirée');
